,latitude,longitude,brightness
0,-11.6324,142.4906,326.8
1,-12.6216,142.7733,322.7
2,-12.6232,142.7845,334.5
3,-12.6383,142.2218,342.0
4,-12.6397,142.2324,330.2
5,-12.9046,143.2068,319.6
6,-12.9148,143.2055,331.6
7,-12.9164,143.2175,332.5
8,-12.9181,143.2295,332.5
9,-12.912,143.1089,327.2
10,-12.9136,143.1206,341.1
11,-12.9222,143.1076,323.7
12,-12.9238,143.1192,333.3
13,-12.9254,143.131,327.6
14,-12.9214,143.1131,342.9
15,-12.923,143.1249,338.9
16,-12.9512,143.1819,327.1
17,-12.9528,143.1939,327.9
18,-12.956,143.218,320.3
19,-12.97,143.1671,330.4
20,-12.9786,143.1536,331.4
21,-12.9835,143.1897,333.0
22,-12.9851,143.2017,329.4
23,-12.9904,143.1642,345.2
24,-12.9921,143.1762,335.7
25,-12.9953,143.2002,342.1
26,-12.997,143.2123,341.1
27,-12.0194,136.5192,330.6
28,-13.0055,143.1986,372.2
29,-13.0072,143.2108,364.3
30,-13.0088,143.22299999999998,325.8
31,-13.0125,143.1734,336.6
32,-13.0141,143.1853,353.0
33,-13.0157,143.1971,325.9
34,-13.0174,143.2091,371.8
35,-13.0191,143.2214,354.1
36,-12.0454,136.4343,331.8
37,-12.0537,136.4205,325.0
38,-12.0557,136.4327,340.0
39,-12.450999999999999,136.6612,331.7
40,-12.4994,136.6413,330.1
41,-13.2917,141.7737,341.5
42,-13.2931,141.7839,348.1
43,-13.2945,141.7941,327.1
44,-13.3012,141.7723,343.0
45,-13.3026,141.7825,327.2
46,-12.745999999999999,136.3869,335.3
47,-12.2621,132.5024,334.1
48,-12.2662,132.5258,329.2
49,-12.9871,136.4266,326.5
50,-12.9464,136.1091,336.8
51,-12.9484,136.1214,338.1
52,-12.9504,136.1338,340.4
53,-12.9524,136.1462,328.9
54,-12.9568,136.1074,352.8
55,-12.9607,136.1321,345.1
56,-12.3897,131.5714,326.4
57,-12.4044,131.5686,328.3
58,-12.3886,131.5643,323.4
59,-12.4034,131.5616,324.5
60,-12.4084,131.5889,325.3
61,-14.6893,141.9502,327.3
62,-14.6908,141.9611,337.0
63,-14.6923,141.9719,332.6
64,-14.6928,141.9547,337.2
65,-14.6942,141.9656,333.4
66,-14.6957,141.9764,328.4
67,-13.9298,136.6811,338.5
68,-13.9316,136.6922,352.6
69,-15.1534,145.1372,320.2
70,-15.1855,145.0953,321.0
71,-15.1999,145.1114,329.0
72,-15.1911,145.106,332.7
73,-15.2033,145.1045,322.5
74,-15.3431,143.8176,329.0
75,-15.3449,143.8321,326.8
76,-15.356,143.8307,338.1
77,-15.3579,143.8452,335.9
78,-15.4393,144.2149,328.5
79,-15.4413,144.2303,325.0
80,-15.437000000000001,144.2087,328.6
81,-15.4767,143.8823,326.4
82,-15.4785,143.89700000000002,326.7
83,-15.5209,144.2291,328.1
84,-15.4916,143.9102,325.4
85,-15.5031,143.9993,337.3
86,-15.505,144.0142,327.8
87,-15.4931,143.9192,325.1
88,-15.5022,143.9936,331.6
89,-15.504000000000001,144.0085,330.0
90,-15.5058,144.0235,326.3
91,-15.5298,144.222,326.2
92,-15.520999999999999,143.9606,335.7
93,-15.5303,143.9443,331.6
94,-15.5322,143.9591,325.4
95,-13.6527,131.3585,325.9
96,-15.6076,144.1019,323.8
97,-15.6096,144.1172,328.8
98,-15.6215,144.2105,327.6
99,-15.617,144.085,325.0
100,-15.6076,144.1112,329.8
101,-13.6573,131.3786,328.9
102,-15.5918,143.7952,325.0
103,-15.5936,143.8098,341.0
104,-15.5954,143.8243,326.8
105,-15.6174,144.0025,324.6
106,-15.6266,144.0777,337.2
107,-15.6417,144.2014,324.3
108,-13.6719,131.3759,326.3
109,-15.6286,144.001,328.4
110,-15.6324,144.0313,326.7
111,-15.6342,144.0461,335.7
112,-15.6361,144.0611,339.9
113,-15.6398,144.0915,331.6
114,-15.6417,144.1065,332.6
115,-15.6213,143.7616,333.5
116,-15.6625,143.9965,323.9
117,-15.685,143.9932,328.5
118,-15.684000000000001,143.9874,327.6
119,-14.5315,135.3855,333.8
120,-14.5337,135.3987,333.3
121,-15.7587,143.7676,346.1
122,-15.7606,143.7821,335.5
123,-14.5268,135.3931,335.9
124,-15.759,143.761,334.9
125,-15.7607,143.7755,344.8
126,-15.7923,143.7566,336.4
127,-15.8201,143.8875,343.1
128,-15.8199,143.7084,338.7
129,-15.8425,143.8846,336.4
130,-15.831,143.707,335.0
131,-15.887,143.873,338.4
132,-15.8982,143.6925,335.8
133,-15.9148,143.6469,345.7
134,-15.9167,143.6611,348.2
135,-15.9259,143.6455,379.6
136,-15.9278,143.6598,363.8
137,-15.9173,143.6545,358.1
138,-15.9266,143.6388,342.4
139,-15.9284,143.6532,377.6
140,-16.6009,144.9481,334.9
141,-16.6031,144.9661,329.0
142,-16.6066,144.8921,331.1
143,-16.6145,144.8544,332.8
144,-16.6097,144.8853,333.4
145,-16.6383,144.9177,328.3
146,-16.6912,144.8386,325.4
147,-16.6933,144.8565,328.8
148,-16.6955,144.8747,328.4
149,-16.6978,144.8931,326.6
150,-16.6967,144.8507,332.6
151,-16.6988,144.8688,330.0
152,-16.7009,144.887,328.1
153,-16.7112,144.9778,331.5
154,-15.7317,136.4149,363.1
155,-15.7335,136.4259,359.7
156,-15.7925,129.5061,334.4
157,-15.7628,128.869,334.7
158,-15.7796,128.8656,342.5
159,-15.7868,128.9036,336.9
160,-15.7656,128.8609,336.9
161,-15.7732,128.8989,331.8
162,-15.7899,128.8954,334.2
163,-18.843,145.7135,328.7
164,-18.8589,145.7343,327.9
165,-16.5395,128.5249,333.0
166,-19.1142,144.07399999999998,323.8
167,-26.1934,146.6634,328.5
168,-26.1962,146.6983,330.4
169,-26.1885,146.6919,332.8
170,-27.3436,128.9037,324.8
171,-16.0104,124.9036,326.6
172,-16.0114,124.8961,326.8
173,-16.1285,125.0082,327.6
174,-16.1334,125.0446,328.0
175,-16.1523,124.8778,328.2
176,-16.1697,124.876,333.6
177,-16.1536,124.8709,328.5
178,-16.171,124.8691,331.9
179,-16.1748,124.9097,327.8
180,-16.4398,124.7103,327.7
181,-16.4421,124.7043,328.8
182,-31.7927,115.8388,317.0
183,-31.855,115.8928,317.2
184,-31.9041,115.8179,317.4
185,-32.0625,115.9209,319.3
186,-34.8345,117.04799999999999,306.6
187,-34.8366,117.0707,321.5
188,-34.8366,117.0651,320.7
189,-34.8385,117.0878,311.5
190,-40.9452,147.6686,305.1
191,-33.8206,150.7975,324.8
192,-33.2126,150.6077,320.8
193,-33.2141,150.5964,322.6
194,-33.2033,150.6059,448.2
195,-33.2048,150.5946,465.4
196,-33.2063,150.5831,336.1
197,-33.1941,150.60399999999998,364.5
198,-33.1955,150.5927,461.2
199,-33.1969,150.5815,443.9
200,-33.1984,150.5699,331.2
201,-33.1862,150.591,443.5
202,-33.1876,150.5797,487.0
203,-33.1891,150.5681,395.8
204,-33.1802,150.5957,344.1
205,-33.1816,150.5845,418.7
206,-33.1831,150.57299999999998,434.4
207,-33.1846,150.5615,386.7
208,-33.1862,150.5498,340.5
209,-33.1877,150.5382,333.9
210,-33.1891,150.5268,393.7
211,-33.1906,150.5154,350.1
212,-33.1724,150.5825,377.5
213,-33.1739,150.5711,400.8
214,-33.1754,150.5596,401.9
215,-33.1768,150.5482,385.5
216,-33.1783,150.5369,384.4
217,-33.1798,150.5253,387.7
218,-33.1813,150.5138,364.9
219,-33.1827,150.5026,334.4
220,-33.1857,150.4794,410.3
221,-33.1872,150.4678,371.9
222,-33.1631,150.5807,326.9
223,-33.1646,150.5692,333.3
224,-33.1661,150.5578,338.0
225,-33.1675,150.5465,361.0
226,-33.169000000000004,150.5353,349.8
227,-33.1705,150.5237,363.7
228,-33.1719,150.5122,344.5
229,-33.1734,150.5009,338.7
230,-33.1749,150.4891,324.3
231,-33.1764,150.4777,424.8
232,-33.1779,150.4662,445.5
233,-33.1794,150.4545,363.0
234,-33.1538,150.5791,328.0
235,-33.1553,150.5675,329.6
236,-33.1641,150.499,332.6
237,-33.1656,150.4874,339.1
238,-33.1671,150.476,356.3
239,-33.1685,150.4646,393.7
240,-33.17,150.453,391.5
241,-33.1592,150.463,328.8
242,-33.1607,150.4513,351.6
243,-33.1622,150.4394,334.4
244,-33.1513,150.4497,337.8
245,-33.1528,150.4381,354.7
246,-33.1543,150.4262,321.7
247,-33.1573,150.4029,336.6
248,-33.1588,150.3911,325.2
249,-33.123000000000005,150.5968,357.8
250,-33.1244,150.5856,338.7
251,-33.1434,150.4365,328.4
252,-33.145,150.4245,330.2
253,-33.1524,150.3661,341.5
254,-33.1538,150.3546,350.0
255,-33.1552,150.3434,349.0
256,-33.1137,150.5951,382.2
257,-33.1151,150.5838,372.0
258,-33.1444,150.3533,325.5
259,-33.1459,150.3413,345.9
260,-33.1029,150.6047,318.5
261,-33.1044,150.5935,373.2
262,-33.1058,150.5821,359.9
263,-33.1073,150.5707,338.6
264,-33.1365,150.3399,336.4
265,-33.138000000000005,150.3281,333.0
266,-33.0965,150.5802,353.4
267,-33.098,150.5689,380.0
268,-33.1286,150.3264,328.9
269,-33.088,150.5955,350.9
270,-33.0895,150.5842,377.0
271,-33.091,150.5728,359.7
272,-33.1222,150.33100000000002,330.4
273,-33.1238,150.3188,328.3
274,-33.0817,150.5711,364.0
275,-33.0832,150.5598,356.4
276,-33.1129,150.3293,361.5
277,-33.1144,150.3176,378.2
278,-33.0739,150.5579,359.9
279,-33.0754,150.5465,353.7
280,-33.102,150.3392,344.1
281,-33.1035,150.3275,390.7
282,-33.1049,150.3162,332.1
283,-33.0616,150.5792,352.0
284,-33.0631,150.5677,379.0
285,-33.0646,150.5563,378.9
286,-33.0661,150.5448,351.6
287,-33.0941,150.326,323.7
288,-33.0524,150.5773,347.7
289,-33.0538,150.566,372.4
290,-33.0553,150.5547,382.2
291,-33.0847,150.3244,367.2
292,-33.0862,150.3129,369.2
293,-33.0445,150.5644,345.1
294,-33.046,150.553,358.1
295,-33.0367,150.5513,362.4
296,-33.0381,150.5401,338.0
297,-33.0288,150.5383,358.9
298,-33.0303,150.52700000000002,391.7
299,-33.0317,150.5157,344.2
300,-33.0434,150.4239,333.5
301,-33.0448,150.4125,334.8
302,-33.021,150.525,323.3
303,-33.0224,150.5138,360.5
304,-33.0238,150.5025,353.5
305,-33.0253,150.491,364.5
306,-33.0268,150.4795,395.5
307,-33.0282,150.4682,338.5
308,-33.034,150.4222,332.2
309,-33.0355,150.4108,353.7
310,-33.016,150.4892,342.4
311,-33.0175,150.4778,385.3
312,-33.0189,150.4664,356.8
313,-33.0204,150.4548,331.9
314,-33.0218,150.4433,356.6
315,-33.0233,150.43200000000002,337.7
316,-33.0247,150.4205,340.4
317,-33.0261,150.4091,331.9
318,-33.0116,150.4827,326.5
319,-33.0131,150.4713,351.2
320,-33.0146,150.4598,343.5
321,-33.0161,150.4483,348.0
322,-33.0175,150.4369,338.6
323,-33.019,150.4256,331.9
324,-33.0205,150.4142,321.9
325,-32.6857,151.3439,340.8
326,-32.0816,152.4315,321.4
327,-32.0742,152.4191,327.4
328,-32.0757,152.4086,334.8
329,-32.0652,152.4173,336.3
330,-32.0667,152.4067,363.3
331,-32.0443,152.3695,372.6
332,-32.0338,152.3782,331.4
333,-32.0354,152.3676,383.0
334,-32.0369,152.3571,355.7
335,-32.0384,152.3465,340.5
336,-32.0279,152.3552,338.4
337,-32.0294,152.3447,368.9
338,-32.031,152.3341,328.2
339,-32.0208,152.3483,371.8
340,-32.0224,152.3377,399.1
341,-32.0239,152.3271,346.9
342,-32.0134,152.3359,401.3
343,-32.0149,152.3253,406.2
344,-32.0164,152.3148,337.6
345,-31.9813,152.4927,325.6
346,-31.9828,152.4821,338.9
347,-32.0013,152.3552,335.7
348,-32.0044,152.3341,340.8
349,-32.0059,152.3235,360.6
350,-31.9708,152.5014,330.7
351,-31.9723,152.4908,370.6
352,-31.9738,152.4802,369.2
353,-31.9754,152.4697,345.2
354,-31.9923,152.3534,343.4
355,-31.9939,152.3428,402.1
356,-31.9954,152.3323,396.7
357,-31.9969,152.3217,360.3
358,-31.9633,152.489,326.1
359,-31.9803,152.3727,347.3
360,-31.7791,152.3631,351.8
361,-31.7806,152.3526,380.7
362,-31.7822,152.342,346.5
363,-31.7701,152.3613,335.6
364,-31.7716,152.3507,340.0
365,-31.7732,152.3402,328.6
366,-31.7734,152.2751,345.1
367,-31.7749,152.2646,367.6
368,-31.7764,152.2541,344.6
369,-31.778000000000002,152.2435,327.8
370,-31.688000000000002,152.7912,324.6
371,-31.7644,152.2733,331.1
372,-31.7659,152.2628,330.8
373,-31.7796,152.168,331.1
374,-31.7699,152.1702,321.7
375,-31.7715,152.1596,330.6
376,-31.7625,152.1578,335.2
377,-31.764,152.1473,332.4
378,-31.7746,152.0736,352.5
379,-31.7761,152.0631,399.5
380,-31.7776,152.0526,335.6
381,-31.7821,152.02100000000002,406.1
382,-31.7836,152.0104,442.5
383,-31.7852,151.9999,356.3
384,-31.7867,151.9894,403.9
385,-31.7881,151.9789,375.7
386,-31.755,152.1455,328.8
387,-31.7641,152.0824,326.5
388,-31.7656,152.0718,351.7
389,-31.7671,152.0613,371.1
390,-31.7686,152.0508,339.4
391,-31.7701,152.0403,330.8
392,-31.7716,152.0297,335.1
393,-31.7731,152.0192,395.5
394,-31.7746,152.0087,438.1
395,-31.7762,151.9981,355.1
396,-31.7777,151.9876,336.8
397,-31.7791,151.9771,341.2
398,-31.7806,151.9666,343.7
399,-31.7109,152.3859,327.3
400,-31.746,152.1437,327.3
401,-31.7566,152.07,335.1
402,-31.7641,152.0174,326.1
403,-31.7657,152.0069,328.9
404,-31.7717,151.9648,363.3
405,-31.7732,151.9542,348.1
406,-31.6988,152.4052,332.5
407,-31.7004,152.3946,375.8
408,-31.7019,152.384,352.8
409,-31.730999999999998,152.1839,324.8
410,-31.7355,152.1524,345.9
411,-31.737,152.1419,340.4
412,-31.7476,152.0682,343.2
413,-31.7491,152.0577,336.0
414,-31.7627,151.963,335.3
415,-31.6914,152.3927,350.1
416,-31.6929,152.3822,347.8
417,-31.7265,152.1506,325.9
418,-31.728,152.1401,328.1
419,-31.7386,152.0664,342.3
420,-31.7401,152.0559,380.6
421,-31.6824,152.3909,368.8
422,-31.6839,152.3803,379.0
423,-31.6855,152.3698,332.0
424,-31.7492,151.9278,324.6
425,-31.6795,152.3469,354.0
426,-31.6811,152.3364,376.2
427,-31.6826,152.3259,419.1
428,-31.7387,151.9366,335.5
429,-31.7402,151.9261,339.9
430,-31.6706,152.345,332.1
431,-31.6721,152.3346,338.1
432,-31.6736,152.3241,349.6
433,-31.6751,152.3136,339.0
434,-31.695,152.1767,333.9
435,-31.6981,152.1557,327.9
436,-31.7147,152.04,339.0
437,-31.7162,152.0295,374.9
438,-31.7177,152.019,348.6
439,-31.7207,151.9979,341.4
440,-31.7222,151.9874,343.3
441,-31.7237,151.9769,400.1
442,-31.7252,151.9664,376.5
443,-31.7267,151.9559,338.1
444,-31.7282,151.9454,354.8
445,-31.7297,151.9348,328.6
446,-31.7312,151.9243,338.1
447,-31.6646,152.3223,363.8
448,-31.6662,152.3118,398.7
449,-31.6677,152.3012,357.9
450,-31.6738,152.2591,339.1
451,-31.6753,152.2486,340.5
452,-31.6845,152.1855,327.3
453,-31.686,152.1749,391.4
454,-31.6875,152.1644,335.9
455,-31.7117,151.9961,386.8
456,-31.7132,151.9856,369.5
457,-31.7147,151.9751,368.3
458,-31.7162,151.9646,340.5
459,-31.7177,151.9541,379.0
460,-31.7192,151.9436,416.8
461,-31.7207,151.9331,385.2
462,-31.7222,151.9226,354.3
463,-31.7237,151.9121,343.9
464,-31.6591,152.3048,360.2
465,-31.6606,152.2943,354.1
466,-31.6621,152.2837,335.0
467,-31.6636,152.2732,345.4
468,-31.6652,152.2627,359.1
469,-31.6667,152.2522,365.8
470,-31.6682,152.2416,335.0
471,-31.6713,152.2206,351.4
472,-31.6728,152.21,349.7
473,-31.6743,152.1995,337.7
474,-31.6758,152.189,362.2
475,-31.6773,152.1785,347.3
476,-31.6789,152.168,338.4
477,-31.7061,151.9786,336.5
478,-31.7076,151.9681,328.8
479,-31.7091,151.9576,334.2
480,-31.7105,151.9471,392.7
481,-31.712,151.9366,392.0
482,-31.7135,151.9261,352.3
483,-31.715,151.9156,339.4
484,-31.6501,152.303,326.5
485,-31.6516,152.2924,328.1
486,-31.6531,152.2819,360.3
487,-31.6546,152.2713,369.9
488,-31.6562,152.2608,368.9
489,-31.6577,152.2503,369.9
490,-31.6638,152.2082,357.2
491,-31.6653,152.1977,335.4
492,-31.6668,152.1871,376.6
493,-31.6683,152.1766,357.8
494,-31.703000000000003,151.9348,387.8
495,-31.7045,151.9243,413.7
496,-31.706,151.9138,333.7
497,-31.7135,151.8611,339.9
498,-31.6941,151.933,370.3
499,-31.6956,151.9225,374.5
500,-31.6971,151.912,371.1
501,-31.6985,151.9015,336.3
502,-31.7,151.891,341.9
503,-31.7016,151.8804,349.9
504,-31.7045,151.8594,341.9
505,-31.6881,151.9102,363.8
506,-31.6896,151.8997,365.6
507,-31.691,151.8892,372.1
508,-31.6926,151.8786,379.7
509,-31.6955,151.8576,362.2
510,-31.697,151.8471,339.1
511,-31.6806,151.8979,372.9
512,-31.6821,151.8874,362.7
513,-31.6836,151.8769,333.8
514,-31.6141,152.2956,321.2
515,-31.6199,151.8037,424.6
516,-31.6214,151.7932,399.8
517,-31.6229,151.7827,332.7
518,-31.6244,151.7722,348.2
519,-31.6109,151.80200000000002,320.8
520,-31.6124,151.7915,378.9
521,-31.6139,151.781,367.0
522,-31.6034,151.7897,373.5
523,-31.6049,151.7792,352.5
524,-31.5113,152.3657,341.3
525,-31.5128,152.3551,328.5
526,-31.5007,152.3744,333.8
527,-31.5023,152.3638,338.5
528,-31.4964,152.3409,326.8
529,-31.4979,152.3303,355.7
530,-31.4994,152.3199,331.2
531,-31.4889,152.3285,347.4
532,-31.4905,152.31799999999998,341.7
533,-31.4799,152.3268,358.9
534,-31.4815,152.3163,363.5
535,-31.4891,152.2637,335.3
536,-31.4759,152.2988,356.6
537,-31.4774,152.2883,354.1
538,-31.479,152.2778,332.8
539,-31.4866,152.2252,366.5
540,-31.4881,152.2147,400.8
541,-31.4761,152.2339,327.0
542,-31.4776,152.2234,378.2
543,-31.4791,152.2129,358.6
544,-31.4806,152.2024,355.2
545,-31.4441,152.3899,343.9
546,-31.4456,152.3793,336.7
547,-31.4716,152.2006,352.5
548,-31.4732,152.1901,338.0
549,-31.4366,152.3775,339.7
550,-31.4382,152.36700000000002,342.0
551,-31.4397,152.3565,345.5
552,-31.4642,152.1882,358.3
553,-31.4657,152.1777,334.3
554,-31.395,152.597,324.0
555,-31.3966,152.5864,339.1
556,-31.3801,152.5722,332.9
557,-31.3848,152.5405,331.4
558,-31.4372,152.1829,327.9
559,-31.3696,152.5809,317.3
560,-31.3774,152.5282,324.7
561,-31.3789,152.5176,338.4
562,-31.3606,152.5789,336.6
563,-31.3621,152.5683,348.0
564,-31.3637,152.5579,348.0
565,-31.3515,152.5771,358.0
566,-31.3531,152.5665,362.9
567,-31.3547,152.556,352.2
568,-31.3656,152.4823,342.6
569,-31.3671,152.4718,327.8
570,-31.3703,152.4507,342.1
571,-31.3718,152.4402,343.5
572,-31.4133,152.1565,321.8
573,-31.3091,152.8017,316.6
574,-31.3107,152.791,321.5
575,-31.3608,152.4529,406.2
576,-31.3623,152.4423,359.0
577,-31.4036,152.1586,335.2
578,-31.4052,152.1482,340.1
579,-31.3518,152.451,335.9
580,-31.3533,152.4404,325.2
581,-31.3626,152.3773,363.9
582,-31.3641,152.3668,371.7
583,-31.3916,152.1779,332.0
584,-31.3505,152.3965,324.9
585,-31.351999999999997,152.386,344.8
586,-31.3536,152.3755,338.7
587,-31.3551,152.365,338.7
588,-31.3566,152.3546,325.8
589,-31.3582,152.3441,328.4
590,-31.2867,152.7641,337.4
591,-31.2883,152.7536,347.1
592,-31.2899,152.7431,318.2
593,-31.3448,152.309,340.1
594,-31.3463,152.2984,350.5
595,-31.3479,152.2879,343.5
596,-31.3373,152.2966,337.3
597,-31.3389,152.2861,356.7
598,-31.3435,152.2545,319.1
599,-31.3481,152.2232,328.7
600,-31.3391,152.2213,335.9
601,-31.3406,152.2109,326.3
602,-31.2626,152.5521,332.0
603,-31.2642,152.5414,322.5
604,-31.3151,152.195,326.5
605,-31.3167,152.1845,347.2
606,-31.3182,152.174,338.7
607,-31.2542,152.5557,335.4
608,-31.2558,152.545,331.6
609,-31.2592,152.4591,331.4
610,-31.2393,152.531,337.9
611,-31.2408,152.5205,349.5
612,-31.2424,152.5099,354.8
613,-31.2439,152.4994,343.0
614,-31.2455,152.4888,341.9
615,-31.2502,152.4572,338.9
616,-31.2517,152.4466,411.5
617,-31.2548,152.4257,330.9
618,-31.2976,152.1318,360.7
619,-31.3052,152.0795,324.2
620,-31.3067,152.069,325.6
621,-31.2334,152.50799999999998,346.6
622,-31.2349,152.4976,341.5
623,-31.2365,152.4869,390.5
624,-31.2381,152.4763,351.7
625,-31.2396,152.4658,333.3
626,-31.2427,152.4448,359.9
627,-31.2443,152.4342,380.9
628,-31.2458,152.4238,362.8
629,-31.2917,152.1091,340.3
630,-31.2932,152.0986,356.1
631,-31.2962,152.0777,325.3
632,-31.2977,152.0672,404.4
633,-31.2993,152.0567,380.0
634,-31.3008,152.0463,376.0
635,-31.3023,152.0358,354.1
636,-31.2181,152.5484,326.8
637,-31.2244,152.506,356.3
638,-31.2291,152.4745,342.2
639,-31.2306,152.464,335.8
640,-31.2322,152.4534,347.8
641,-31.2337,152.4429,361.6
642,-31.2353,152.4324,348.8
643,-31.2873,152.0759,327.1
644,-31.2888,152.0654,398.2
645,-31.2903,152.0549,397.0
646,-31.2918,152.0445,361.8
647,-31.2933,152.034,373.8
648,-31.2948,152.0235,403.7
649,-31.2963,152.0131,340.2
650,-31.2091,152.5464,343.3
651,-31.2107,152.5358,361.8
652,-31.2138,152.5146,342.5
653,-31.2154,152.5042,334.2
654,-31.234,152.378,334.5
655,-31.2843,152.0322,336.8
656,-31.2858,152.0218,351.9
657,-31.2873,152.0113,340.2
658,-31.2002,152.5444,368.0
659,-31.2017,152.5337,499.5
660,-31.2033,152.5232,410.1
661,-31.2141,152.4499,342.2
662,-31.2235,152.3866,339.9
663,-31.225,152.3761,371.5
664,-31.2265,152.3657,338.3
665,-31.2281,152.3552,330.1
666,-31.2768,152.02,333.9
667,-31.2783,152.0095,333.9
668,-31.1911,152.5426,337.0
669,-31.1927,152.532,486.2
670,-31.1943,152.5213,416.5
671,-31.2036,152.4586,345.5
672,-31.2052,152.44799999999998,391.0
673,-31.2067,152.4375,353.1
674,-31.2176,152.3638,323.7
675,-31.1837,152.5303,348.0
676,-31.1853,152.5197,338.8
677,-31.1993,152.425,334.0
678,-31.1684,152.5708,422.9
679,-31.1699,152.5603,367.8
680,-31.1715,152.5497,399.6
681,-31.1731,152.5391,330.7
682,-31.1918,152.4127,339.8
683,-31.1605,152.5625,388.5
684,-31.162,152.5519,425.5
685,-31.1636,152.5412,400.8
686,-31.1652,152.5307,357.3
687,-31.1483,152.5818,374.9
688,-31.1499,152.5712,401.0
689,-31.1515,152.5606,343.1
690,-31.153000000000002,152.5501,340.9
691,-31.1546,152.5395,361.1
692,-31.1561,152.5289,373.4
693,-31.1686,152.4444,320.7
694,-31.1701,152.4339,324.6
695,-31.1393,152.58,363.5
696,-31.1409,152.5694,373.5
697,-31.1456,152.5377,325.6
698,-31.1471,152.5272,330.0
699,-31.1781,152.3167,338.8
700,-31.1303,152.5781,321.3
701,-31.1319,152.5676,334.5
702,-31.1722,152.29399999999998,342.7
703,-31.125999999999998,152.5446,328.5
704,-31.1632,152.2922,330.7
705,-31.0958,152.5602,327.7
706,-31.0974,152.5497,352.5
707,-31.0989,152.5391,353.1
708,-31.0868,152.5583,374.0
709,-31.0884,152.5477,340.5
710,-31.0899,152.5372,332.4
711,-31.0977,152.4846,360.2
712,-31.0993,152.474,347.7
713,-31.0762,152.5671,338.8
714,-31.0778,152.5565,369.7
715,-31.0794,152.5459,325.5
716,-31.0872,152.4933,349.7
717,-31.0887,152.4828,414.8
718,-31.0903,152.4722,357.1
719,-31.1517,152.0532,357.9
720,-31.1532,152.0428,445.5
721,-31.1548,152.0323,390.1
722,-31.0694,152.56,328.7
723,-31.0787,152.4967,322.8
724,-31.0803,152.4863,342.7
725,-31.0818,152.4758,342.4
726,-31.1248,152.1819,323.9
727,-31.143,152.0565,342.2
728,-31.1445,152.0461,355.7
729,-31.146,152.0356,342.0
730,-31.1325,152.0651,371.9
731,-31.134,152.0547,422.2
732,-31.1355,152.0443,379.0
733,-31.1235,152.0633,373.3
734,-31.125,152.0529,341.0
735,-31.0455,152.5333,332.5
736,-31.1085,152.1033,322.1
737,-31.113000000000003,152.072,343.4
738,-31.1145,152.0616,371.4
739,-31.0365,152.5314,338.7
740,-31.104,152.0702,353.3
741,-31.1056,152.0598,342.2
742,-31.018,152.593,340.7
743,-31.0196,152.5824,353.1
744,-31.0951,152.0685,348.1
745,-31.0966,152.058,343.2
746,-31.0996,152.0372,332.3
747,-31.1011,152.0267,359.8
748,-31.009,152.5912,444.5
749,-31.0106,152.5805,496.4
750,-31.0121,152.5699,381.8
751,-31.0137,152.5595,327.5
752,-31.0153,152.5488,342.0
753,-31.0169,152.5382,366.4
754,-31.0184,152.5279,352.5
755,-31.0215,152.5068,356.5
756,-31.0846,152.0771,341.7
757,-31.0876,152.0563,348.5
758,-31.0891,152.0459,331.4
759,-31.0906,152.0354,324.4
760,-31.0921,152.0249,353.6
761,-31.0936,152.0145,368.4
762,-31.0951,152.0041,341.1
763,-30.9984,152.5999,376.6
764,-30.9999,152.5894,397.1
765,-31.0015,152.5787,423.9
766,-31.0031,152.5682,422.8
767,-31.0047,152.5576,356.6
768,-31.0063,152.547,339.7
769,-31.0125,152.5051,343.4
770,-31.0141,152.4946,352.1
771,-31.0831,152.0231,337.2
772,-31.0846,152.0127,382.4
773,-31.0862,152.0023,383.0
774,-31.0877,151.9919,337.8
775,-30.9909,152.5875,360.5
776,-30.9925,152.577,375.3
777,-30.9941,152.5664,378.6
778,-30.9957,152.5558,333.2
779,-31.0035,152.5033,348.5
780,-31.0051,152.4927,342.3
781,-31.0741,152.0214,340.0
782,-31.0757,152.011,414.2
783,-31.0772,152.0005,452.7
784,-31.0787,151.9901,441.5
785,-31.0802,151.9796,366.6
786,-30.9945,152.5014,351.8
787,-30.9961,152.4907,349.5
788,-30.9992,152.4697,323.8
789,-31.0008,152.4591,336.0
790,-31.0023,152.4487,341.2
791,-31.0039,152.4382,319.5
792,-31.0667,152.0092,370.8
793,-31.0682,151.9987,444.6
794,-31.0697,151.9883,504.7
795,-31.0712,151.9778,465.3
796,-31.0727,151.9674,409.3
797,-30.96,152.6725,341.2
798,-30.9835,152.5143,335.5
799,-30.985,152.5038,355.1
800,-30.9866,152.4931,350.1
801,-30.9881,152.4826,338.9
802,-30.9897,152.4721,351.0
803,-30.9913,152.4615,376.5
804,-30.9928,152.4511,335.3
805,-31.0569,152.0114,339.9
806,-31.0584,152.0009,379.8
807,-31.0599,151.9905,415.0
808,-31.0615,151.98,418.1
809,-31.0629,151.9696,479.7
810,-31.0644,151.9591,403.1
811,-30.9509,152.6706,361.3
812,-30.9525,152.6601,335.3
813,-30.9745,152.5125,350.1
814,-30.976,152.5019,360.4
815,-31.0479,152.0096,326.9
816,-31.0495,151.9991,395.0
817,-31.051,151.9887,400.1
818,-31.0525,151.9783,409.9
819,-31.054000000000002,151.9678,489.0
820,-31.0555,151.9574,425.2
821,-30.9324,152.7323,346.4
822,-30.934,152.7216,354.5
823,-30.9356,152.711,390.4
824,-30.9372,152.7005,362.8
825,-30.9387,152.6899,339.7
826,-30.967,152.5001,330.4
827,-31.0375,152.0182,322.8
828,-31.039,152.0078,376.1
829,-31.0405,151.9973,422.0
830,-31.041999999999998,151.9869,403.4
831,-31.0435,151.9765,395.8
832,-31.045,151.966,449.8
833,-31.0465,151.9556,381.4
834,-30.9234,152.7304,353.5
835,-30.925,152.7197,361.2
836,-30.9265,152.7091,406.2
837,-30.9281,152.6986,408.1
838,-30.9297,152.688,406.2
839,-30.9313,152.6775,344.9
840,-31.0285,152.0164,344.9
841,-31.03,152.006,414.2
842,-31.0315,151.9956,422.1
843,-31.033,151.9852,473.3
844,-31.0345,151.9747,392.0
845,-31.035999999999998,151.9643,369.0
846,-30.9127,152.7391,352.1
847,-30.9143,152.7285,374.4
848,-30.9207,152.6862,364.3
849,-30.9222,152.6757,345.6
850,-30.9723,152.3385,326.5
851,-30.9738,152.3281,334.6
852,-30.9753,152.3178,332.1
853,-31.018,152.0251,325.3
854,-31.0195,152.0147,355.3
855,-31.021,152.0043,365.9
856,-31.0225,151.9939,353.2
857,-31.024,151.9834,376.4
858,-31.0255,151.97299999999998,362.7
859,-31.026999999999997,151.9625,358.1
860,-30.9053,152.7266,349.9
861,-30.9633,152.3369,323.5
862,-31.011999999999997,152.0025,344.8
863,-31.0135,151.9921,350.6
864,-31.015,151.9817,333.0
865,-31.0165,151.9712,339.5
866,-31.018,151.9608,369.0
867,-31.0196,151.9503,338.0
868,-30.8994,152.7036,391.0
869,-30.901,152.6931,398.4
870,-30.9527,152.3456,331.6
871,-31.0091,151.959,373.3
872,-31.0106,151.9485,346.8
873,-30.8904,152.7018,446.7
874,-30.892,152.6912,455.3
875,-30.8935,152.6806,373.7
876,-30.8951,152.6701,341.2
877,-30.9406,152.3648,334.1
878,-30.9422,152.3543,361.3
879,-30.9437,152.3439,354.7
880,-31.0001,151.9572,353.0
881,-30.8813,152.6998,329.0
882,-30.8829,152.6893,380.6
883,-30.8845,152.6787,401.7
884,-30.8861,152.6682,374.7
885,-30.8877,152.6576,337.6
886,-30.9316,152.363,346.8
887,-30.9331,152.3526,431.0
888,-30.9347,152.3421,420.4
889,-30.9911,151.9554,328.0
890,-30.8803,152.6452,362.5
891,-30.8818,152.6346,353.3
892,-30.8834,152.6242,335.0
893,-30.9226,152.3611,375.3
894,-30.9241,152.3508,430.7
895,-30.9257,152.3402,387.5
896,-30.9273,152.3297,337.3
897,-30.9836,151.9432,371.9
898,-30.9851,151.9328,342.4
899,-30.8736,152.6383,328.1
900,-30.8752,152.6277,337.9
901,-30.9172,152.3438,325.3
902,-30.9749,151.9466,335.5
903,-30.9764,151.9362,386.5
904,-30.9779,151.9257,431.2
905,-30.9794,151.9153,377.1
906,-30.8662,152.6259,364.2
907,-30.8677,152.6154,370.0
908,-30.9674,151.9344,363.9
909,-30.9689,151.924,415.4
910,-30.9704,151.9135,459.5
911,-30.9719,151.9031,398.0
912,-30.8571,152.6241,341.8
913,-30.8587,152.6134,353.8
914,-30.9599,151.9222,346.0
915,-30.9614,151.9118,407.4
916,-30.9629,151.9014,360.0
917,-30.8481,152.6222,333.2
918,-30.8497,152.6116,354.3
919,-30.9147,152.171,326.1
920,-30.951,151.9205,340.0
921,-30.9525,151.91,403.6
922,-30.954,151.8996,419.0
923,-30.8406,152.6097,337.7
924,-30.8422,152.5992,346.0
925,-30.8454,152.5782,347.5
926,-30.8904,152.2733,344.9
927,-30.8935,152.2524,329.2
928,-30.9435,151.9083,378.8
929,-30.945,151.8978,412.2
930,-30.8332,152.5973,362.9
931,-30.8348,152.5868,360.2
932,-30.8784,152.2924,338.4
933,-30.8799,152.2819,340.8
934,-30.883000000000003,152.261,337.8
935,-30.8845,152.2506,340.2
936,-30.9028,152.1255,324.1
937,-30.933000000000003,151.9169,334.8
938,-30.9345,151.9065,377.4
939,-30.936,151.8961,399.4
940,-30.7939,152.7964,324.3
941,-30.7955,152.7857,356.1
942,-30.7972,152.775,333.9
943,-30.8679,152.3011,325.1
944,-30.8694,152.2906,363.7
945,-30.8709,152.2801,363.7
946,-30.924,151.9152,361.4
947,-30.9255,151.9048,426.4
948,-30.927,151.8943,380.7
949,-30.7752,152.8583,321.8
950,-30.7768,152.8476,342.3
951,-30.7784,152.8371,378.3
952,-30.78,152.8265,373.8
953,-30.7816,152.8158,365.8
954,-30.7833,152.8051,387.7
955,-30.7849,152.7944,353.4
956,-30.7865,152.7838,343.4
957,-30.7881,152.7733,328.4
958,-30.8619,152.2783,363.8
959,-30.8635,152.2679,353.4
960,-30.865,152.2574,352.8
961,-30.909000000000002,151.9551,349.1
962,-30.9105,151.9447,354.3
963,-30.912,151.9343,366.9
964,-30.9135,151.9238,393.5
965,-30.915,151.9134,406.1
966,-30.9165,151.903,490.2
967,-30.918000000000003,151.8926,438.1
968,-30.7693,152.8352,343.2
969,-30.771,152.8246,324.1
970,-30.7774,152.782,349.9
971,-30.779,152.7715,348.5
972,-30.8281,152.4446,341.5
973,-30.8296,152.434,340.3
974,-30.8312,152.4236,358.3
975,-30.8327,152.4131,358.3
976,-30.8529,152.2765,350.2
977,-30.8545,152.2661,416.8
978,-30.855999999999998,152.2557,404.9
979,-30.8575,152.2452,358.7
980,-30.8985,151.9637,377.6
981,-30.9,151.9533,418.0
982,-30.9015,151.9429,444.5
983,-30.903000000000002,151.9325,420.6
984,-30.9045,151.9221,413.2
985,-30.9061,151.9116,373.3
986,-30.9076,151.9012,394.1
987,-30.9091,151.8908,326.2
988,-30.7684,152.7802,356.4
989,-30.77,152.7697,362.9
990,-30.819000000000003,152.4429,340.3
991,-30.8835,152.0038,351.8
992,-30.885,151.9933,369.2
993,-30.8911,151.9515,355.0
994,-30.8926,151.9411,409.8
995,-30.8941,151.9307,382.6
996,-30.8956,151.9203,341.2
997,-30.7625,152.7614,324.1
998,-30.8753,151.9954,337.5
999,-30.8768,151.985,368.6
1000,-30.8006,152.4433,336.4
1001,-30.8022,152.4327,346.0
1002,-30.8037,152.4222,344.7
1003,-30.8053,152.4117,354.2
1004,-30.8068,152.4013,346.3
1005,-30.8603,152.0354,331.5
1006,-30.8618,152.0249,338.0
1007,-30.8663,151.9936,368.5
1008,-30.8678,151.9832,394.5
1009,-30.8694,151.9728,326.9
1010,-30.7916,152.4414,362.4
1011,-30.7931,152.4308,357.4
1012,-30.7978,152.3994,336.8
1013,-30.8528,152.0231,338.7
1014,-30.8543,152.0126,345.8
1015,-30.8558,152.0022,357.4
1016,-30.8573,151.9918,353.4
1017,-30.7449,152.6923,341.6
1018,-30.7465,152.6816,353.3
1019,-30.781,152.4501,337.1
1020,-30.7872,152.408,347.4
1021,-30.7888,152.3976,329.0
1022,-30.8438,152.0214,390.3
1023,-30.8454,152.0109,389.7
1024,-30.8469,152.0005,352.2
1025,-30.7102,152.8602,336.0
1026,-30.7359,152.6903,322.6
1027,-30.7374,152.6798,341.8
1028,-30.739,152.6693,331.0
1029,-30.772,152.4482,371.5
1030,-30.785999999999998,152.3539,333.6
1031,-30.959,151.1419,375.8
1032,-30.9604,151.1314,417.5
1033,-30.9619,151.1206,337.3
1034,-30.7284,152.6779,333.9
1035,-30.73,152.6675,346.3
1036,-30.763,152.4463,340.6
1037,-30.7646,152.4358,334.3
1038,-30.776999999999997,152.3521,347.3
1039,-30.7785,152.3416,341.7
1040,-30.95,151.1402,384.0
1041,-30.9514,151.1295,398.9
1042,-30.9529,151.1188,405.3
1043,-30.9544,151.1082,399.7
1044,-30.7194,152.67600000000002,331.5
1045,-30.7209,152.6655,344.9
1046,-30.7571,152.4236,326.4
1047,-30.771,152.3294,329.2
1048,-30.9424,151.1277,339.4
1049,-30.9439,151.1171,390.7
1050,-30.9453,151.1066,398.3
1051,-30.9468,151.096,330.4
1052,-30.7119,152.6636,343.6
1053,-30.7029,152.6618,337.8
1054,-30.6665,152.8401,328.3
1055,-30.6681,152.8295,327.4
1056,-30.6713,152.8083,322.1
1057,-30.6938,152.6599,339.0
1058,-30.744,152.3239,339.9
1059,-30.7456,152.3133,328.4
1060,-30.6873,152.653,336.0
1061,-30.7325,152.3482,412.2
1062,-30.734,152.3379,441.3
1063,-30.7355,152.3274,344.2
1064,-30.7371,152.3169,337.2
1065,-30.6782,152.6511,324.9
1066,-30.7234,152.3465,450.2
1067,-30.725,152.3361,481.5
1068,-30.7265,152.3256,392.8
1069,-30.7281,152.3151,370.1
1070,-30.7296,152.3047,334.4
1071,-30.7144,152.3447,327.4
1072,-30.715999999999998,152.3343,331.4
1073,-30.7481,152.1147,340.7
1074,-30.7496,152.1044,331.0
1075,-30.6458,152.7426,320.3
1076,-30.6475,152.7318,321.8
1077,-30.6506,152.7109,331.5
1078,-30.6617,152.6367,335.0
1079,-30.7391,152.1129,328.7
1080,-30.7407,152.1024,327.4
1081,-30.6384,152.7301,346.3
1082,-30.64,152.7196,339.0
1083,-30.6415,152.7091,330.8
1084,-30.6527,152.6348,327.5
1085,-30.7286,152.1215,332.3
1086,-30.7302,152.111,342.0
1087,-30.7317,152.1006,336.5
1088,-30.7332,152.0902,348.1
1089,-30.7347,152.0798,331.5
1090,-30.6997,152.2556,411.1
1091,-30.7013,152.2452,443.8
1092,-30.7196,152.1197,370.3
1093,-30.7212,152.1092,330.2
1094,-30.6907,152.2538,379.4
1095,-30.6923,152.2434,413.3
1096,-30.7076,152.1388,342.9
1097,-30.7091,152.1284,324.0
1098,-30.694000000000003,152.1684,324.2
1099,-30.6956,152.1579,321.6
1100,-30.6971,152.1474,357.2
1101,-30.6986,152.137,336.5
1102,-30.7002,152.1265,357.2
1103,-30.6728,152.2501,336.3
1104,-30.6835,152.1769,331.5
1105,-30.685,152.1666,330.4
1106,-30.6623,152.2585,365.2
1107,-30.6638,152.2482,370.7
1108,-30.673000000000002,152.1856,336.4
1109,-30.6745,152.1752,351.2
1110,-30.6542,152.2503,339.4
1111,-30.6557,152.24,337.5
1112,-30.6572,152.2297,350.6
1113,-30.6588,152.2193,338.7
1114,-30.6498,152.2175,391.5
1115,-30.6513,152.2069,346.1
1116,-30.6528,152.1963,352.5
1117,-30.186,152.6712,322.4
1118,-30.1753,152.6799,397.3
1119,-30.1769,152.6692,460.8
1120,-30.1785,152.6586,375.3
1121,-30.1207,152.9761,335.9
1122,-30.1223,152.9655,341.6
1123,-30.1662,152.678,345.2
1124,-30.1679,152.6674,394.2
1125,-30.1695,152.6567,406.8
1126,-30.1711,152.64600000000002,405.0
1127,-30.1727,152.6355,389.8
1128,-30.1743,152.625,329.0
1129,-30.1115,152.9743,339.0
1130,-30.1132,152.9636,351.4
1131,-30.1264,152.8776,339.6
1132,-30.1588,152.6655,396.3
1133,-30.1604,152.6549,391.6
1134,-30.162,152.6442,363.0
1135,-30.1636,152.6337,355.4
1136,-30.1652,152.6231,336.4
1137,-30.1024,152.9724,362.9
1138,-30.1041,152.9616,337.5
1139,-30.1057,152.951,359.7
1140,-30.1074,152.9402,366.5
1141,-30.1091,152.9293,334.5
1142,-30.1157,152.8866,341.3
1143,-30.1173,152.8758,352.9
1144,-30.1498,152.6636,341.1
1145,-30.153000000000002,152.6425,320.9
1146,-30.0916,152.9813,319.5
1147,-30.1164,152.8207,326.2
1148,-30.118000000000002,152.8102,346.2
1149,-30.1196,152.7996,329.4
1150,-30.1213,152.789,327.9
1151,-30.1261,152.7572,324.6
1152,-30.1278,152.7466,350.1
1153,-30.0843,152.9852,335.1
1154,-30.0859,152.9745,395.1
1155,-30.0875,152.9637,340.0
1156,-30.1167,152.7715,326.3
1157,-30.1199,152.7504,395.2
1158,-30.1215,152.7396,365.9
1159,-30.1279,152.6974,328.8
1160,-30.1295,152.6867,329.0
1161,-30.1311,152.6761,326.5
1162,-30.0751,152.9834,339.8
1163,-30.0768,152.9726,409.5
1164,-30.0784,152.9619,339.2
1165,-30.1188,152.6954,321.3
1166,-30.0676,152.9708,324.1
1167,-30.1082,152.7041,348.7
1168,-30.1098,152.6935,340.1
1169,-30.055999999999997,152.924,339.2
1170,-30.0576,152.9131,364.1
1171,-30.0592,152.9026,331.4
1172,-30.1187,152.5105,325.1
1173,-30.055,152.8687,330.9
1174,-30.0567,152.8582,325.8
1175,-30.1096,152.5088,378.4
1176,-30.1112,152.4985,348.9
1177,-30.0459,152.8668,357.1
1178,-30.1006,152.5071,361.0
1179,-30.1021,152.4967,365.9
1180,-30.0433,152.8226,344.2
1181,-30.045,152.8119,337.4
1182,-30.0531,152.7587,325.7
1183,-30.0547,152.7481,331.2
1184,-30.0564,152.7372,339.9
1185,-30.0899,152.5158,341.4
1186,-30.0915,152.5054,364.8
1187,-30.0931,152.4949,350.7
1188,-30.0342,152.8208,340.3
1189,-30.0359,152.8101,349.2
1190,-30.0375,152.7995,347.1
1191,-30.0698,152.5874,333.2
1192,-30.0714,152.5769,357.7
1193,-30.073,152.5664,339.1
1194,-30.0809,152.514,361.4
1195,-30.0825,152.5036,338.2
1196,-30.0268,152.8083,326.4
1197,-30.0284,152.7977,328.4
1198,-30.0591,152.5963,340.1
1199,-30.0607,152.5857,327.9
1200,-30.0639,152.5646,322.0
1201,-29.9745,152.9116,323.6
1202,-29.9761,152.901,356.5
1203,-29.980999999999998,152.8686,350.6
1204,-29.9826,152.858,342.4
1205,-29.9653,152.9097,368.3
1206,-29.967,152.8991,378.7
1207,-29.9703,152.8775,350.8
1208,-29.9719,152.8668,337.3
1209,-29.9735,152.8562,344.6
1210,-29.9816,152.8033,328.2
1211,-29.9562,152.9079,335.4
1212,-29.9579,152.8971,341.0
1213,-29.9487,152.8953,327.8
1214,-30.0036,152.5349,339.8
1215,-30.0123,152.3531,386.4
1216,-29.9812,152.498,326.5
1217,-30.0017,152.3619,415.1
1218,-30.0033,152.3514,416.6
1219,-29.9933,152.3654,344.8
1220,-29.9948,152.355,348.6
1221,-29.9889,152.3324,341.6
1222,-30.0812,151.6366,328.2
1223,-30.0827,151.6263,331.0
1224,-29.8979,152.8134,327.8
1225,-29.9569,152.4229,328.2
1226,-29.9584,152.4123,323.7
1227,-29.96,152.4019,326.7
1228,-30.0648,151.6228,345.3
1229,-30.0663,151.6125,346.8
1230,-30.06,151.4627,367.7
1231,-30.0614,151.4524,377.5
1232,-30.0629,151.442,382.6
1233,-30.0644,151.4317,346.1
1234,-29.8719,152.6768,338.0
1235,-29.8735,152.6662,347.8
1236,-30.051,151.461,357.0
1237,-30.0525,151.4507,416.4
1238,-30.0539,151.4403,445.3
1239,-30.0554,151.43,399.3
1240,-30.0568,151.4196,324.3
1241,-29.8384,152.8343,342.4
1242,-29.84,152.8236,346.1
1243,-29.8466,152.781,346.1
1244,-29.8482,152.7704,323.9
1245,-30.0449,151.4386,389.7
1246,-30.0464,151.4283,383.3
1247,-30.0479,151.4179,351.6
1248,-30.0493,151.4076,367.5
1249,-30.0508,151.3972,357.4
1250,-30.0523,151.3869,361.2
1251,-29.8297,152.8368,336.3
1252,-29.8314,152.8261,442.8
1253,-29.833000000000002,152.8154,391.9
1254,-29.8459,152.7304,329.5
1255,-30.0381,151.42,354.8
1256,-30.0395,151.4097,352.4
1257,-30.041,151.3994,354.4
1258,-30.0425,151.389,347.4
1259,-30.0439,151.3787,373.3
1260,-30.0454,151.3683,344.1
1261,-29.8222,152.8242,397.0
1262,-29.8239,152.8136,426.7
1263,-29.8255,152.8029,376.2
1264,-29.8271,152.7923,337.0
1265,-29.8464,152.6649,344.6
1266,-30.0261,151.439,330.6
1267,-30.0291,151.4183,376.6
1268,-30.0305,151.408,390.4
1269,-30.031999999999996,151.3977,365.1
1270,-30.0335,151.3873,350.8
1271,-30.0349,151.377,371.3
1272,-30.0364,151.3667,382.5
1273,-30.1972,150.1977,328.5
1274,-29.8164,152.8011,337.5
1275,-29.8373,152.66299999999998,337.2
1276,-30.0216,151.4063,332.3
1277,-30.023000000000003,151.39600000000002,348.1
1278,-30.0245,151.3856,344.0
1279,-30.026,151.3753,352.4
1280,-30.0274,151.365,386.3
1281,-29.8283,152.6611,330.2
1282,-30.017,151.3736,338.7
1283,-30.0184,151.3632,380.0
1284,-30.0199,151.3529,360.0
1285,-29.8208,152.6487,340.4
1286,-30.0095,151.3615,353.2
1287,-30.0109,151.3512,348.2
1288,-29.8622,152.3116,339.1
1289,-29.8637,152.3012,348.9
1290,-30.0005,151.3598,347.0
1291,-30.0019,151.3495,351.2
1292,-29.9915,151.3581,345.2
1293,-29.9929,151.3478,353.4
1294,-29.9825,151.3564,341.8
1295,-29.984,151.3461,354.5
1296,-29.8021,152.5257,330.0
1297,-29.8304,152.3375,327.8
1298,-29.975,151.3443,346.0
1299,-29.7914,152.5343,394.5
1300,-29.793000000000003,152.5238,356.9
1301,-29.7946,152.5133,333.2
1302,-29.965999999999998,151.3426,343.4
1303,-29.7834,152.53799999999998,418.8
1304,-29.7849,152.5275,428.6
1305,-29.7865,152.5169,367.5
1306,-29.7881,152.5064,334.9
1307,-29.7743,152.5362,377.2
1308,-29.7759,152.5257,488.9
1309,-29.7775,152.5151,452.1
1310,-29.779,152.5046,339.8
1311,-29.7822,152.4838,328.5
1312,-29.7837,152.4733,344.7
1313,-29.7668,152.5238,384.4
1314,-29.7684,152.5132,413.4
1315,-29.77,152.5027,340.4
1316,-29.7731,152.482,356.9
1317,-29.7747,152.4715,370.9
1318,-29.7682,152.2659,340.0
1319,-29.7729,152.2347,340.0
1320,-29.7592,152.2641,334.8
1321,-29.7654,152.0341,325.7
1322,-29.7549,152.0426,383.9
1323,-29.7564,152.0323,432.7
1324,-29.758000000000003,152.0219,359.6
1325,-29.7595,152.0115,333.2
1326,-29.7459,152.0409,374.1
1327,-29.7474,152.0305,369.9
1328,-29.749000000000002,152.0201,374.9
1329,-29.7505,152.0097,358.3
1330,-29.7369,152.0392,338.3
1331,-29.74,152.0184,356.5
1332,-29.7415,152.0081,362.8
1333,-29.730999999999998,152.0167,334.6
1334,-29.7325,152.0063,329.8
1335,-29.64,152.5023,335.1
1336,-29.6808,152.2307,355.3
1337,-29.6823,152.2201,354.4
1338,-29.6171,152.5304,323.3
1339,-29.6581,152.2583,325.1
1340,-29.6597,152.2477,333.8
1341,-29.6612,152.2373,346.4
1342,-29.649,152.2565,356.3
1343,-29.6506,152.246,346.0
1344,-29.6661,152.1425,328.1
1345,-29.6391,152.2706,357.8
1346,-29.6406,152.2599,352.6
1347,-29.6422,152.2495,351.1
1348,-29.6285,152.279,333.7
1349,-29.6301,152.2688,373.0
1350,-29.6316,152.2583,384.0
1351,-29.6347,152.2373,409.2
1352,-29.6363,152.2268,396.4
1353,-29.621,152.2669,350.2
1354,-29.6226,152.2565,370.2
1355,-29.6242,152.246,341.0
1356,-29.6257,152.2354,373.3
1357,-29.6273,152.225,364.0
1358,-29.6288,152.2145,347.5
1359,-29.6304,152.2041,327.6
1360,-29.6136,152.2545,340.9
1361,-29.5717,152.4724,329.0
1362,-29.4052,152.6493,373.1
1363,-29.4069,152.6387,327.4
1364,-29.4085,152.6283,327.2
1365,-29.3976,152.6529,351.6
1366,-29.3992,152.6422,338.7
1367,-29.4008,152.6317,340.1
1368,-29.4024,152.6213,340.7
1369,-29.3869,152.6617,335.4
1370,-29.3885,152.651,379.6
1371,-29.3902,152.6403,375.7
1372,-29.3918,152.6297,368.9
1373,-29.3933,152.6194,347.0
1374,-29.3827,152.6278,394.1
1375,-29.3843,152.6173,418.0
1376,-29.3858,152.607,350.0
1377,-29.3874,152.5964,345.7
1378,-29.3891,152.5857,348.5
1379,-29.3736,152.6259,343.7
1380,-29.3752,152.6154,391.3
1381,-29.3768,152.6051,340.9
1382,-29.38,152.5837,351.3
1383,-29.3815,152.5735,350.8
1384,-29.3645,152.624,352.7
1385,-29.3554,152.6223,343.2
1386,-29.343000000000004,152.6418,339.0
1387,-29.3249,152.6379,342.7
1388,-29.3141,152.6467,341.9
1389,-29.3005,152.6812,336.2
1390,-29.2898,152.6899,333.6
1391,-29.2914,152.6793,456.9
1392,-29.293000000000003,152.6687,377.0
1393,-29.2823,152.6774,373.7
1394,-29.2839,152.6669,344.8
1395,-29.2706,152.6313,348.4
1396,-29.2722,152.6208,348.6
1397,-29.311999999999998,152.3578,328.2
1398,-29.2679,152.5875,340.0
1399,-29.2923,152.3648,325.8
1400,-29.2593,152.5208,335.2
1401,-29.2817,152.3736,338.5
1402,-29.3362,151.8832,327.8
1403,-29.3377,151.873,326.8
1404,-29.355999999999998,151.6912,382.3
1405,-29.3575,151.681,374.7
1406,-29.359,151.6707,348.0
1407,-29.3605,151.6605,339.4
1408,-29.340999999999998,151.7306,328.7
1409,-29.3425,151.7203,336.8
1410,-29.3485,151.6792,339.6
1411,-29.35,151.66899999999998,350.9
1412,-29.3515,151.6588,371.0
1413,-29.353,151.6485,379.7
1414,-29.1031,153.2452,337.7
1415,-29.1048,153.2344,385.9
1416,-29.2024,152.6011,364.2
1417,-29.204,152.5906,338.7
1418,-29.2152,152.5167,341.1
1419,-29.3321,151.7288,338.0
1420,-29.3425,151.657,335.0
1421,-29.344,151.6468,394.1
1422,-29.3455,151.6365,377.6
1423,-29.346999999999998,151.6263,328.2
1424,-29.0938,153.2434,372.8
1425,-29.0955,153.2325,434.1
1426,-29.0972,153.2216,365.0
1427,-29.1933,152.5993,359.4
1428,-29.1949,152.5888,337.3
1429,-29.2029,152.536,368.0
1430,-29.2045,152.5254,369.5
1431,-29.3231,151.7271,342.9
1432,-29.3365,151.6348,360.3
1433,-29.338,151.6245,385.1
1434,-29.3395,151.6143,388.1
1435,-29.3409,151.60399999999998,372.2
1436,-29.3424,151.5938,333.0
1437,-29.0862,153.2306,380.6
1438,-29.0879,153.2197,465.3
1439,-29.0896,153.2087,410.6
1440,-29.1938,152.5343,406.0
1441,-29.1954,152.5238,458.3
1442,-29.197,152.5133,373.2
1443,-29.2946,151.8589,338.7
1444,-29.2961,151.8487,347.1
1445,-29.329,151.6228,334.8
1446,-29.3305,151.6125,398.9
1447,-29.331999999999997,151.6023,457.2
1448,-29.3334,151.5921,388.0
1449,-29.3349,151.5818,341.4
1450,-29.0752,153.2397,336.4
1451,-29.0769,153.2287,388.9
1452,-29.0787,153.2177,420.6
1453,-29.0804,153.2068,383.6
1454,-29.1574,152.7114,347.6
1455,-29.159000000000002,152.701,343.2
1456,-29.1832,152.543,340.7
1457,-29.1847,152.5325,350.4
1458,-29.1863,152.52200000000002,362.9
1459,-29.3215,151.6108,335.8
1460,-29.323,151.6006,412.8
1461,-29.3245,151.5903,384.6
1462,-29.3259,151.5801,358.0
1463,-29.3274,151.5699,350.7
1464,-29.0677,153.2267,334.7
1465,-29.0711,153.2048,334.7
1466,-29.0729,153.194,328.6
1467,-29.1483,152.7095,327.9
1468,-29.1741,152.5411,349.7
1469,-29.1757,152.5306,374.0
1470,-29.1773,152.52,334.7
1471,-29.316999999999997,151.5784,339.3
1472,-29.3184,151.5681,381.4
1473,-29.3199,151.5579,347.0
1474,-29.1634,152.5497,334.4
1475,-29.165,152.5391,385.6
1476,-29.1666,152.5287,372.8
1477,-29.1682,152.5182,337.8
1478,-29.3095,151.5664,341.4
1479,-29.311,151.5562,375.7
1480,-29.1575,152.5266,348.4
1481,-29.1736,152.4212,331.9
1482,-29.302,151.5544,358.0
1483,-29.3035,151.5442,376.0
1484,-29.3049,151.5339,334.4
1485,-29.1484,152.525,345.9
1486,-29.15,152.5145,339.8
1487,-29.1613,152.4406,341.3
1488,-29.1629,152.4301,374.5
1489,-29.2945,151.5425,356.9
1490,-29.2959,151.5322,389.1
1491,-29.2974,151.52200000000002,337.7
1492,-29.1523,152.4429,338.3
1493,-29.1538,152.4323,352.9
1494,-29.131999999999998,152.5153,332.5
1495,-29.1432,152.4411,356.7
1496,-29.2264,151.8181,341.0
1497,-28.9699,153.4395,333.3
1498,-29.1219,152.4584,337.6
1499,-29.1235,152.4479,341.7
1500,-29.2174,151.8164,348.5
1501,-29.2055,151.7718,329.7
1502,-29.1965,151.7701,328.4
1503,-29.198,151.7599,335.3
1504,-29.2484,151.4114,336.0
1505,-29.1935,151.7273,340.0
1506,-29.2395,151.4097,344.8
1507,-29.1845,151.7255,389.4
1508,-29.186,151.7153,338.9
1509,-29.229,151.4183,334.3
1510,-29.2305,151.408,354.3
1511,-29.1755,151.7238,339.7
1512,-29.177,151.7136,367.9
1513,-29.22,151.4165,352.4
1514,-29.2113,151.4197,338.8
1515,-29.2127,151.4095,345.5
1516,-29.2008,151.4283,335.7
1517,-29.2023,151.418,346.0
1518,-29.1918,151.4266,348.5
1519,-29.1784,151.4556,349.2
1520,-29.1799,151.4454,361.4
1521,-29.1814,151.4351,341.7
1522,-29.1398,151.6587,364.2
1523,-29.1413,151.6484,353.3
1524,-29.1428,151.6382,331.9
1525,-29.1636,151.4948,333.4
1526,-29.165,151.4846,343.4
1527,-29.1665,151.4743,348.8
1528,-29.168000000000003,151.4641,360.9
1529,-29.1695,151.4539,368.7
1530,-29.1309,151.657,331.3
1531,-29.1323,151.6467,362.5
1532,-29.1338,151.6365,341.6
1533,-29.1353,151.6263,395.1
1534,-29.1368,151.616,383.2
1535,-29.1383,151.6058,355.6
1536,-29.1398,151.5956,347.9
1537,-29.1413,151.5853,334.1
1538,-29.1427,151.575,335.8
1539,-29.1457,151.5546,331.6
1540,-29.1472,151.5443,342.7
1541,-29.1487,151.5341,337.4
1542,-29.1501,151.5239,332.3
1543,-29.1516,151.5136,331.6
1544,-28.5891,153.3918,323.6
1545,-28.590999999999998,153.3804,343.4
1546,-28.5817,153.3781,352.1
1547,-28.5723,153.3762,347.8
1548,-28.5812,153.3206,344.7
1549,-28.5829,153.3102,333.4
1550,-28.5864,153.2877,340.8
1551,-28.5882,153.27700000000002,338.4
1552,-28.5629,153.3745,330.3
1553,-28.5735,153.3082,328.5
1554,-28.533,153.3508,348.3
1555,-28.5307,153.3049,333.3
1556,-28.6668,152.2418,348.7
1557,-28.6683,152.2314,343.7
1558,-28.6577,152.24,409.7
1559,-28.6593,152.2294,405.2
1560,-28.6609,152.2188,338.1
1561,-28.6486,152.2382,381.3
1562,-28.6502,152.2276,415.4
1563,-28.6519,152.2169,347.6
1564,-28.6396,152.2364,353.2
1565,-28.6412,152.2258,379.7
1566,-28.631999999999998,152.22799999999998,332.9
1567,-28.340999999999998,152.622,413.4
1568,-28.3426,152.6114,436.2
1569,-28.3443,152.6008,334.8
1570,-28.3286,152.6412,439.5
1571,-28.3302,152.6307,440.8
1572,-28.3319,152.6201,395.8
1573,-28.3335,152.6095,397.2
1574,-28.3351,152.5988,362.0
1575,-28.3185,152.5844,331.1
1576,-28.3218,152.5633,328.1
1577,-28.3126,152.5616,337.9
1578,-28.3933,151.8557,331.3
1579,-28.3843,151.85399999999998,351.2
1580,-28.0326,153.2282,328.8
1581,-28.101999999999997,152.3821,333.0
1582,-28.0815,152.4549,337.1
1583,-28.0897,152.4014,334.7
1584,-28.0913,152.3908,363.9
1585,-28.0929,152.3805,380.7
1586,-28.0724,152.453,338.8
1587,-28.079,152.4101,341.2
1588,-28.0805,152.3997,369.1
1589,-28.0821,152.3893,352.1
1590,-27.9426,152.4038,329.4
1591,-27.7873,152.275,341.6
1592,-27.7782,152.273,341.8
1593,-27.7691,152.2712,344.4
1594,-27.7707,152.2611,341.7
1595,-26.8133,152.4337,334.4
1596,-26.815,152.423,341.3
1597,-26.8167,152.4122,332.6
1598,-26.74,152.3689,333.0
1599,-26.6449,152.4532,342.8
1600,-26.6498,152.4214,344.4
1601,-26.5499,152.2222,333.4
1602,-26.5407,152.2204,328.3
1603,-26.2048,152.3144,332.8
1604,-26.1939,152.3233,327.0
1605,-26.1804,152.2881,340.3
1606,-26.182,152.2778,331.9
1607,-26.1711,152.2866,329.3
1608,-26.1137,150.5738,336.5
1609,-26.2984,146.58,359.0
1610,-26.3,146.5661,359.5
1611,-26.2895,146.5645,335.8
1612,-26.2051,146.6857,344.5
1613,-26.1947,146.6841,377.0
1614,-26.1827,146.6963,340.8
1615,-26.1843,146.6826,343.4
1616,-26.1723,146.6947,355.5
1617,-25.4693,150.5187,332.9
1618,-25.4736,150.489,331.8
1619,-25.24,147.9412,330.4
1620,-25.142,147.9881,341.6
1621,-25.1214,147.9964,336.7
1622,-25.1229,147.9852,330.9
1623,-23.1157,150.6259,345.1
1624,-23.1171,150.6161,337.0
1625,-23.1081,150.6145,341.3
1626,-23.0976,150.6228,346.5
1627,-23.099,150.6129,348.0
1628,-23.0886,150.6212,332.2
1629,-21.4556,145.8384,331.3
1630,-19.1195,144.0836,332.0
1631,-19.1212,144.0692,376.9
1632,-19.123,144.0542,369.6
1633,-19.11,144.0677,363.6
1634,-19.1118,144.0523,368.4
1635,-18.8562,145.7354,342.4
1636,-18.8446,145.7461,332.5
1637,-18.8462,145.734,350.8
1638,-18.8477,145.7219,335.6
1639,-18.8377,145.7205,345.8
1640,-18.8393,145.7085,332.1
1641,-18.7947,145.7392,330.8
1642,-18.7962,145.7269,328.8
1643,-18.5342,145.872,322.3
1644,-16.7153,144.9727,332.8
1645,-16.7057,144.8835,337.0
1646,-16.7072,144.8711,335.0
1647,-16.6816,144.9937,344.2
1648,-16.7001,144.8448,342.6
1649,-16.6828,145.0007,338.5
1650,-16.7022,144.8521,334.5
1651,-16.6742,144.9869,331.9
1652,-16.6641,144.9853,343.1
1653,-16.6312,144.9182,339.9
1654,-16.6148,144.9658,341.5
1655,-16.6225,144.9042,334.2
1656,-16.6046,144.9642,346.6
1657,-16.6062,144.9519,339.2
1658,-16.6077,144.9396,331.9
1659,-16.6138,144.8905,337.3
1660,-16.6169,144.8657,336.0
1661,-16.6185,144.8534,354.4
1662,-16.596,144.9504,333.7
1663,-16.5975,144.9381,351.6
1664,-16.599,144.9258,333.0
1665,-16.6051,144.8766,346.2
1666,-16.6082,144.8519,342.7
1667,-16.6098,144.8394,328.7
1668,-16.5981,144.9441,345.8
1669,-16.5997,144.9319,340.5
1670,-16.6061,144.8828,335.8
1671,-16.6093,144.8582,337.5
1672,-16.6109,144.8457,335.5
1673,-16.5958,144.8814,347.4
1674,-16.5975,144.869,348.4
1675,-15.9411,144.1973,333.8
1676,-15.9049,143.8536,339.3
1677,-15.9191,143.6529,337.3
1678,-15.921,143.6383,334.6
1679,-15.9026,143.695,342.3
1680,-15.9044,143.6807,351.3
1681,-15.9062,143.6661,344.2
1682,-15.9081,143.6515,347.5
1683,-15.8687,143.8773,337.8
1684,-15.877,143.7209,330.2
1685,-15.8453,143.8884,335.4
1686,-15.8678,143.7052,339.9
1687,-15.8568,143.7038,340.5
1688,-15.8127,143.884,336.3
1689,-15.8348,143.7007,337.3
1690,-15.8314,143.7081,333.5
1691,-15.8169,143.735,338.8
1692,-15.8186,143.7209,356.6
1693,-15.8059,143.7335,352.0
1694,-15.8077,143.7193,399.1
1695,-15.8094,143.7052,352.6
1696,-15.7932,143.7462,337.7
1697,-15.7949,143.732,363.4
1698,-15.7967,143.7178,345.2
1699,-15.7363,143.9372,338.4
1700,-15.7568,143.7701,333.0
1701,-15.7585,143.7559,336.5
1702,-15.7255,143.9357,328.3
1703,-15.6863,144.1319,331.8
1704,-15.674000000000001,144.144,334.7
1705,-15.6757,144.1304,333.6
1706,-15.6774,144.11700000000002,328.2
1707,-15.6946,143.9822,331.4
1708,-15.6584,144.1815,363.2
1709,-15.66,144.1686,355.0
1710,-15.6617,144.1557,328.0
1711,-15.6461,144.1931,335.4
1712,-15.6478,144.18,336.7
1713,-15.6697,144.0061,336.4
1714,-15.6714,143.9926,350.6
1715,-15.6339,144.2047,331.4
1716,-15.6421,144.1393,326.7
1717,-15.6454,144.1128,329.8
1718,-15.6382,144.0843,334.7
1719,-15.6275,144.0831,333.1
1720,-15.6292,144.0694,333.1
1721,-15.6342,144.0287,332.4
1722,-15.6135,144.1083,352.9
1723,-15.6151,144.0952,332.2
1724,-15.6168,144.0818,333.7
1725,-15.6268,144.0003,328.4
1726,-15.6029,144.1068,341.3
1727,-15.6045,144.0935,331.9
1728,-15.6074,144.1143,340.7
1729,-15.6091,144.1011,352.8
1730,-15.6108,144.0879,328.2
1731,-15.6213,144.0066,327.3
1732,-15.6314,143.7559,325.9
1733,-15.6187,143.7686,330.6
1734,-15.6204,143.7545,334.5
1735,-15.6222,143.7404,326.8
1736,-15.606,143.7809,339.2
1737,-15.5899,143.8214,326.5
1738,-15.5916,143.8074,330.7
1739,-15.5287,144.224,333.8
1740,-15.5271,143.9471,333.0
1741,-15.5077,144.0131,327.7
1742,-15.5112,143.9863,369.0
1743,-15.5146,143.9592,334.7
1744,-15.5164,143.9456,341.6
1745,-15.497,144.0117,327.0
1746,-15.4987,143.9982,328.7
1747,-15.5004,143.9847,327.4
1748,-15.4473,144.2336,332.7
1749,-15.4892,143.9002,331.6
1750,-15.4401,144.2061,333.3
1751,-15.470999999999998,143.8698,327.9
1752,-15.3615,143.8344,336.0
1753,-15.3684,143.8439,327.6
1754,-15.3576,143.8425,331.8
1755,-15.3594,143.8288,329.9
1756,-15.3486,143.8273,332.1
1757,-15.3503,143.8135,331.4
1758,-14.7076,141.9682,327.5
1759,-14.6952,141.9667,349.5
1760,-14.6974,141.9482,329.3
1761,-14.6932,141.9615,335.7
1762,-13.4866,141.6175,330.4
1763,-13.3064,141.8056,339.6
1764,-13.3086,141.7876,336.8
1765,-13.0185,143.2756,322.4
1766,-13.0202,143.262,328.3
1767,-13.0255,143.2208,341.7
1768,-13.0273,143.207,354.0
1769,-13.0164,143.2053,341.9
1770,-13.0182,143.1911,338.7
1771,-13.02,143.1768,336.8
1772,-13.0055,143.2035,362.7
1773,-13.0108,143.1613,336.1
1774,-13.1875,141.7304,326.6
1775,-12.9946,143.2018,335.8
1776,-12.9999,143.1598,341.2
1777,-12.9872,143.1723,350.1
1778,-12.9889,143.1582,364.0
1779,-12.9745,143.1847,333.6
1780,-12.9762,143.1707,418.1
1781,-12.9779,143.1567,394.2
1782,-12.9797,143.1427,338.5
1783,-12.9834,143.1793,338.3
1784,-12.9852,143.1653,356.5
1785,-12.9871,143.1513,341.7
1786,-12.9724,143.1777,367.1
1787,-12.9743,143.1638,424.2
1788,-12.9761,143.1498,342.1
1789,-12.9779,143.1358,326.9
1790,-12.9242,143.4622,321.4
1791,-12.9597,143.1902,329.0
1792,-12.9397,143.2585,329.8
1793,-12.9415,143.2446,329.8
1794,-12.9233,143.2139,368.1
1795,-12.9251,143.1999,334.3
1796,-12.9286,143.1719,338.3
1797,-12.9304,143.1579,337.6
1798,-12.9124,143.2124,331.3
1799,-12.9142,143.1984,325.9
1800,-12.923,143.1283,328.4
1801,-12.9248,143.1139,330.9
1802,-12.9266,143.0996,326.4
1803,-12.9156,143.09799999999998,331.5
1804,-12.6234,142.7848,322.4
1805,-12.6403,142.2159,328.7
1806,-12.5277,141.8012,330.7
1807,-12.5215,141.813,323.8
1808,-12.5238,141.7956,325.8
1809,-12.2281,142.3958,332.2
1810,-11.6337,142.4828,338.3
1811,-11.6168,142.5261,336.8
1812,-11.6187,142.5112,347.4
1813,-11.6055,142.5246,341.5
1814,-11.6074,142.5097,392.4
1815,-11.606,142.518,368.2
1816,-11.607999999999999,142.5031,357.8
1817,-11.5703,142.5286,321.2
1818,-11.5799,142.454,321.2
1819,-11.559000000000001,142.5272,327.1
1820,-11.5573,142.4511,323.2
1821,-34.8489,117.041,316.4
1822,-34.8392,117.0733,316.5
1823,-31.941,122.9339,331.5
1824,-31.4909,123.8056,331.8
1825,-31.4502,123.7268,341.1
1826,-31.3973,123.6576,341.8
1827,-31.3872,123.656,335.2
1828,-31.3655,123.6661,333.9
1829,-31.3554,123.6645,332.7
1830,-31.2894,123.7159,328.1
1831,-31.1861,123.8126,349.1
1832,-31.1305,124.1913,345.4
1833,-31.1761,123.811,342.7
1834,-31.1777,123.79799999999999,327.2
1835,-18.4543,123.9263,359.6
1836,-18.4439,123.9381,367.7
1837,-18.4452,123.9287,369.4
1838,-17.6466,122.5336,347.5
1839,-17.6374,122.5323,343.7
1840,-17.2963,124.3016,339.7
1841,-17.2977,124.2922,339.1
1842,-17.5236,122.4328,367.4
1843,-17.5249,122.4229,352.6
1844,-17.5143,122.4314,378.8
1845,-17.5157,122.4216,366.8
1846,-16.3939,126.7074,349.2
1847,-15.849,129.4882,339.9
1848,-15.8369,129.4857,353.4
1849,-15.8279,129.4653,348.0
1850,-16.271,126.7763,350.3
1851,-16.2728,126.7646,360.3
1852,-15.8333,129.47799999999998,354.3
1853,-16.2714,126.7695,357.5
1854,-15.8211,129.4757,343.4
1855,-16.2415,126.7644,366.7
1856,-15.7845,129.4687,343.5
1857,-15.8053,128.8823,335.6
1858,-16.4453,124.7105,331.6
1859,-16.4467,124.7009,340.7
1860,-16.4481,124.6913,336.4
1861,-16.4362,124.709,353.6
1862,-16.4376,124.6994,386.1
1863,-16.439,124.6898,345.9
1864,-16.4404,124.6802,338.0
1865,-15.7586,128.8738,375.5
1866,-16.4314,124.6787,333.0
1867,-15.747,128.8717,406.3
1868,-15.7498,128.8553,348.5
1869,-15.7485,128.8819,372.3
1870,-15.7512,128.8655,382.7
1871,-15.7368,128.8798,336.2
1872,-15.7395,128.8633,343.2
1873,-15.6972,128.2862,342.7
1874,-16.1876,124.896,339.9
1875,-16.189,124.8864,343.0
1876,-16.0724,125.6016,345.6
1877,-16.074,125.5914,350.5
1878,-16.1798,124.885,345.1
1879,-16.0739,125.5283,341.5
1880,-16.0646,125.5266,340.8
1881,-16.1644,124.8626,346.2
1882,-16.1276,125.046,335.0
1883,-16.1291,125.0361,341.0
1884,-16.1306,125.0264,352.5
1885,-16.132,125.0166,339.8
1886,-16.1553,124.8611,347.6
1887,-16.1447,124.8693,349.9
1888,-16.0894,125.0496,344.7
1889,-16.0909,125.0399,342.0
1890,-16.1158,124.8746,349.4
1891,-15.97,125.67399999999999,347.4
1892,-15.9464,125.7023,362.6
1893,-15.9401,125.6795,354.7
1894,-15.9291,125.6882,354.2
1895,-15.9307,125.6777,365.2
1896,-15.9323,125.6676,377.8
1897,-15.9228,125.666,356.9
1898,-15.9244,125.6557,365.4
1899,-15.9308,125.6146,346.2
1900,-15.915,125.6543,383.4
1901,-15.9166,125.6438,370.4
1902,-15.9182,125.6334,364.1
1903,-15.9197,125.6233,362.7
1904,-15.9055,125.6528,346.0
1905,-15.9071,125.6423,369.7
1906,-15.9087,125.6319,353.5
1907,-16.0245,124.8737,336.7
1908,-15.9089,125.5686,341.5
1909,-16.0094,124.9112,342.9
1910,-16.0109,124.9014,347.1
1911,-16.0124,124.8917,345.8
1912,-16.0138,124.882,341.2
1913,-15.9024,125.5713,341.2
1914,-15.998,124.9325,346.2
1915,-15.9994,124.9228,355.3
1916,-16.0009,124.9131,347.4
1917,-16.0023,124.9033,339.4
1918,-15.8915,125.5801,375.4
1919,-15.8977,125.539,345.8
1920,-15.6532,125.8713,334.8
1921,-15.6096,125.6215,339.9
1922,-15.6144,125.59,346.8
1923,-15.6096,125.5574,361.5
1924,-15.5907,125.6183,358.4
1925,-15.6018,125.5458,348.2
1926,-15.5813,125.6168,347.0
1927,-15.5828,125.6063,343.6
1928,-15.585999999999999,125.5856,340.8
1929,-15.5939,125.5341,342.5
1930,-15.3642,126.9397,359.7
1931,-15.5766,125.5841,341.6
1932,-15.3539,126.9379,354.4
1933,-15.5703,125.4987,341.1
1934,-15.5625,125.4867,342.1
1935,-15.5323,125.6194,343.0
1936,-15.5264,125.6224,334.4
1937,-15.527999999999999,125.6119,340.5
1938,-15.2922,127.0738,382.8
1939,-15.5185,125.6104,334.6
1940,-15.5279,125.5482,340.0
1941,-15.5295,125.5378,346.1
1942,-15.5388,125.476,343.7
1943,-15.5185,125.5466,352.6
1944,-15.5201,125.5362,357.8
1945,-15.4948,125.6387,336.5
1946,-15.4539,125.5892,337.5
1947,-15.4555,125.5788,337.5
1948,-15.4571,125.5685,338.2
1949,-15.446,125.5771,346.3
1950,-15.0743,127.2863,340.6
1951,-14.9985,127.2865,337.0
1952,-14.9295,127.2822,339.9
1953,-14.9211,127.2674,335.2
1954,-14.8717,127.2657,340.1
1955,-14.8209,127.3111,336.4
1956,-15.1139,125.4035,345.7
1957,-14.7975,127.3207,337.8
1958,-14.7997,127.3076,335.9
1959,-14.7944,127.3146,356.0
1960,-14.7965,127.3013,340.4
1961,-14.7711,127.2561,341.6
1962,-14.7833,127.0467,345.5
1963,-14.7709,127.0574,347.8
1964,-14.7667,127.0175,356.1
1965,-14.7521,127.0416,344.2
1966,-14.7584,127.0224,342.5
1967,-14.9279,125.6044,339.5
1968,-14.9327,125.5728,341.0
1969,-14.9167,125.6133,344.4
1970,-14.9184,125.6028,346.5
1971,-14.5998,126.2672,338.4
1972,-14.6016,126.2559,349.8
1973,-14.6009,126.2619,346.3
1974,-13.6762,131.3489,339.6
1975,-13.6709,131.3686,356.6
1976,-14.1262,126.9825,337.8
1977,-14.122,126.9762,335.2
1978,-13.534,130.2439,329.2
1979,-12.411,131.5589,330.2
1980,-12.4165,131.5291,328.2
1981,-12.3957,131.556,326.2
1982,-12.4161,131.5548,328.7
1983,-12.4213,131.5249,324.4
1984,-12.4008,131.5519,322.1
1985,-12.3855,131.549,328.0
1986,-34.8911,117.0226,353.8
1987,-34.8738,117.0152,354.2
1988,-34.8564,117.008,327.1
1989,-34.8955,117.0203,343.5
1990,-34.8781,117.01299999999999,346.0
1991,-34.8608,117.0057,330.6
1992,-34.4616,150.8806,303.3
1993,-34.7518,147.0128,304.1
1994,-33.2319,150.6259,339.8
1995,-33.2353,150.6088,353.1
1996,-33.2386,150.5916,317.4
1997,-33.2275,150.5881,324.9
1998,-33.2308,150.5709,306.7
1999,-33.2196,150.56799999999998,325.4
2000,-33.2229,150.55100000000002,306.7
2001,-33.2235,150.6175,320.6
2002,-33.2267,150.6004,322.9
2003,-33.2299,150.5833,325.0
2004,-33.2219,150.5631,319.8
2005,-33.1975,150.6299,321.2
2006,-33.2108,150.5593,320.8
2007,-33.2139,150.5431,325.7
2008,-33.1862,150.627,356.5
2009,-33.1895,150.6096,340.1
2010,-33.1964,150.5733,339.9
2011,-33.1996,150.5564,330.9
2012,-33.2028,150.5395,323.3
2013,-33.2059,150.5237,302.0
2014,-33.1851,150.5707,320.1
2015,-33.1883,150.5541,336.1
2016,-33.1915,150.5372,325.5
2017,-33.1981,150.5024,311.4
2018,-33.1838,150.516,318.3
2019,-33.1871,150.4986,322.3
2020,-33.1903,150.4818,321.2
2021,-33.1935,150.4651,312.2
2022,-33.1969,150.4472,311.8
2023,-33.1624,150.566,316.6
2024,-33.1693,150.53,309.1
2025,-33.1726,150.5127,316.4
2026,-33.176,150.4954,330.2
2027,-33.1826,150.4609,321.2
2028,-33.1857,150.4446,321.2
2029,-33.1669,150.4206,320.6
2030,-33.1704,150.4027,320.9
2031,-33.1624,150.3839,322.8
2032,-33.1658,150.3659,347.2
2033,-33.1693,150.3482,312.4
2034,-33.1688,150.4141,319.2
2035,-33.164,150.377,342.5
2036,-33.1673,150.3595,336.0
2037,-33.1559,150.3585,325.7
2038,-33.1594,150.3396,317.9
2039,-33.1481,150.3379,315.6
2040,-33.137,150.3351,317.0
2041,-33.1405,150.3169,305.0
2042,-33.1181,150.3122,311.1
2043,-33.104,150.3253,311.6
2044,-33.0688,150.3276,309.9
2045,-33.0096,150.4549,307.9
2046,-33.0129,150.4375,309.6
2047,-33.0163,150.4196,300.2
2048,-32.0697,152.4251,308.1
2049,-32.0412,152.3646,313.1
2050,-32.0114,152.3227,323.9
2051,-31.9983,152.3204,323.5
2052,-31.9801,152.3418,327.2
2053,-31.9853,152.3171,324.0
2054,-31.9672,152.3379,333.2
2055,-31.9722,152.3144,313.2
2056,-31.958000000000002,152.3302,309.3
2057,-31.8169,152.2314,307.8
2058,-31.8222,152.20600000000002,328.1
2059,-31.7794,152.3448,300.9
2060,-31.804000000000002,152.2276,313.8
2061,-31.8092,152.2028,366.2
2062,-31.8146,152.1768,350.2
2063,-31.7962,152.1996,382.1
2064,-31.8016,152.1743,388.1
2065,-31.8064,152.1514,346.2
2066,-31.8111,152.1291,317.8
2067,-31.7833,152.1963,326.6
2068,-31.7883,152.1726,367.3
2069,-31.7934,152.1483,349.3
2070,-31.7985,152.1243,337.0
2071,-31.8033,152.1013,310.8
2072,-31.8076,152.0811,318.9
2073,-31.8123,152.0588,321.6
2074,-31.7147,152.454,308.5
2075,-31.7201,152.4289,310.3
2076,-31.7706,152.1918,307.0
2077,-31.7756,152.1682,328.4
2078,-31.7808,152.1441,323.2
2079,-31.7858,152.1203,335.2
2080,-31.7905,152.0982,324.4
2081,-31.7948,152.0775,336.5
2082,-31.7995,152.0551,335.9
2083,-31.8046,152.0313,316.6
2084,-31.7946,152.2191,321.5
2085,-31.7997,152.1942,383.2
2086,-31.8048,152.16899999999998,361.5
2087,-31.8093,152.1469,325.6
2088,-31.7818,152.2154,309.1
2089,-31.7866,152.1917,355.2
2090,-31.7916,152.1673,375.1
2091,-31.7965,152.1429,348.3
2092,-31.8013,152.1196,328.6
2093,-31.81,152.0767,318.5
2094,-31.8147,152.0536,310.4
2095,-31.774,152.1868,313.7
2096,-31.7788,152.1635,329.8
2097,-31.7837,152.1394,328.3
2098,-31.7886,152.1156,331.5
2099,-31.793000000000003,152.0938,320.9
2100,-31.7973,152.07299999999998,336.6
2101,-31.802,152.0499,333.1
2102,-31.8067,152.0267,305.1
2103,-31.7016,152.4701,305.8
2104,-31.7068,152.4452,317.2
2105,-31.712,152.4202,322.3
2106,-31.7711,152.1349,333.3
2107,-31.7758,152.1118,346.1
2108,-31.7801,152.0911,330.9
2109,-31.7845,152.0695,326.6
2110,-31.7893,152.0462,324.6
2111,-31.6886,152.4658,313.4
2112,-31.6938,152.441,321.8
2113,-31.699,152.4164,321.5
2114,-31.763,152.1085,360.6
2115,-31.7672,152.0881,336.3
2116,-31.7769,152.041,321.1
2117,-31.7814,152.019,316.0
2118,-31.6862,152.4113,320.0
2119,-31.7544,152.0844,333.1
2120,-31.6737,152.4046,323.4
2121,-31.6784,152.3824,324.1
2122,-31.660999999999998,152.3991,372.0
2123,-31.666,152.3759,386.1
2124,-31.6707,152.3537,331.6
2125,-31.6754,152.3315,313.1
2126,-31.6524,152.3746,323.3
2127,-31.6574,152.3513,347.0
2128,-31.6623,152.328,320.1
2129,-31.6491,152.3252,340.7
2130,-31.6543,152.3011,318.2
2131,-31.6647,152.252,321.9
2132,-31.6697,152.2287,327.4
2133,-31.7131,152.0235,320.3
2134,-31.6658,152.3941,379.0
2135,-31.6704,152.3718,361.6
2136,-31.675,152.3493,324.8
2137,-31.6525,152.3916,318.5
2138,-31.6572,152.369,343.5
2139,-31.6619,152.3459,336.4
2140,-31.6487,152.3433,323.4
2141,-31.6535,152.3201,326.2
2142,-31.6684,152.2477,322.7
2143,-31.6735,152.2228,317.6
2144,-31.6833,152.1753,303.9
2145,-31.6884,152.1503,300.1
2146,-31.7108,152.0408,307.7
2147,-31.7155,152.0179,318.1
2148,-31.7346,151.9237,309.7
2149,-31.6408,152.315,337.2
2150,-31.6458,152.2907,342.4
2151,-31.6512,152.2646,327.8
2152,-31.6562,152.2405,321.8
2153,-31.6607,152.2185,325.9
2154,-31.666,152.1929,323.1
2155,-31.6708,152.1696,315.2
2156,-31.7075,151.9912,325.9
2157,-31.7124,151.9672,336.3
2158,-31.7175,151.9419,322.1
2159,-31.7223,151.9183,316.8
2160,-31.6916,151.9377,326.3
2161,-31.6969,151.9117,318.9
2162,-31.684,151.9097,322.1
2163,-31.689,151.8853,324.7
2164,-31.6934,151.864,312.4
2165,-31.676,151.8836,328.9
2166,-31.680999999999997,151.8593,311.5
2167,-31.6856,151.8374,314.4
2168,-31.6728,151.9025,318.6
2169,-31.6777,151.8777,324.8
2170,-31.6868,151.8327,312.7
2171,-31.6744,151.8277,302.9
2172,-31.624000000000002,151.8143,313.0
2173,-31.6116,151.8099,318.7
2174,-31.6163,151.7867,317.6
2175,-31.4927,152.3142,309.1
2176,-31.6038,151.7832,307.5
2177,-31.4896,152.2637,320.3
2178,-31.4948,152.2391,332.7
2179,-31.4999,152.2149,302.8
2180,-31.4819,152.2352,316.3
2181,-31.487,152.2109,323.4
2182,-31.6003,151.7997,304.5
2183,-31.6048,151.77700000000002,303.2
2184,-31.4938,152.2586,323.0
2185,-31.4989,152.2338,320.2
2186,-31.4859,152.2301,322.6
2187,-31.491,152.2053,314.8
2188,-31.4781,152.2013,310.2
2189,-31.4291,152.3706,305.0
2190,-31.3542,152.3956,315.5
2191,-31.3592,152.3722,322.5
2192,-31.4001,152.1807,309.9
2193,-31.4059,152.1533,321.9
2194,-31.3644,152.3684,314.9
2195,-31.3738,152.3229,303.4
2196,-31.4044,152.1745,305.9
2197,-31.3465,152.3874,309.1
2198,-31.3512,152.3649,310.6
2199,-31.3609,152.3182,312.3
2200,-31.3912,152.1721,316.7
2201,-31.3966,152.1457,319.6
2202,-31.3478,152.3146,310.6
2203,-31.3404,152.2837,306.5
2204,-31.3421,152.2096,313.9
2205,-31.3086,152.173,309.3
2206,-31.3129,152.1682,309.7
2207,-31.2055,152.5503,318.0
2208,-31.2933,152.1303,308.1
2209,-31.3024,152.0862,327.6
2210,-31.2899,152.0805,320.0
2211,-31.2872,152.0281,307.7
2212,-31.291999999999998,152.005,304.5
2213,-31.0435,152.6055,317.4
2214,-31.0298,152.60299999999998,335.2
2215,-31.0411,152.5504,315.2
2216,-31.0467,152.5249,314.1
2217,-31.0318,152.625,314.4
2218,-31.0376,152.5972,328.6
2219,-31.0482,152.5467,316.1
2220,-31.0182,152.6217,311.1
2221,-31.0238,152.5951,324.0
2222,-31.0217,152.5377,324.8
2223,-31.0267,152.5139,317.9
2224,-31.0026,152.5608,316.9
2225,-31.0133,152.5104,319.9
2226,-31.1066,152.0658,314.8
2227,-31.1108,152.0454,336.1
2228,-30.9923,152.4761,310.0
2229,-30.9288,152.7046,320.2
2230,-30.973000000000003,152.4999,317.3
2231,-30.9785,152.4743,311.1
2232,-30.9843,152.4471,311.6
2233,-30.9799,152.4961,313.7
2234,-30.9852,152.4705,318.5
2235,-30.9907,152.444,312.6
2236,-30.9665,152.4926,311.6
2237,-30.8776,152.7106,355.7
2238,-30.883000000000003,152.6853,350.4
2239,-30.8696,152.6806,320.7
2240,-30.8804,152.63,311.1
2241,-30.8696,152.6472,316.6
2242,-30.8748,152.6224,304.3
2243,-30.8345,152.6095,307.9
2244,-30.7822,152.7882,311.7
2245,-30.8264,152.5798,311.7
2246,-30.8321,152.4188,311.3
2247,-30.8184,152.4168,311.0
2248,-30.8802,151.9946,317.6
2249,-30.8913,151.9419,327.1
2250,-30.8963,151.9184,311.5
2251,-30.9015,151.8938,314.5
2252,-30.8254,152.4127,317.8
2253,-30.7399,152.6862,310.9
2254,-30.8844,151.9892,319.7
2255,-30.895,151.9373,326.2
2256,-30.8997,151.9145,311.7
2257,-30.9049,151.8889,313.5
2258,-30.7264,152.6818,311.3
2259,-30.7182,152.6526,313.9
2260,-30.8594,151.9776,321.9
2261,-30.7047,152.6481,309.4
2262,-30.7489,152.4401,313.7
2263,-30.6912,152.6438,314.4
2264,-30.7352,152.4378,323.8
2265,-30.7511,152.3627,318.9
2266,-30.7219,152.4336,314.0
2267,-30.7328,152.3824,315.1
2268,-30.738000000000003,152.3578,318.6
2269,-30.7429,152.3346,317.7
2270,-30.9788,151.19799999999998,341.7
2271,-30.9832,151.1763,374.3
2272,-30.9872,151.1565,315.9
2273,-30.7247,152.35399999999998,317.3
2274,-30.9626,151.2143,315.2
2275,-30.9668,151.1934,346.4
2276,-30.9712,151.1719,356.0
2277,-30.9754,151.151,340.7
2278,-30.6332,152.7114,307.9
2279,-30.6509,152.6299,308.5
2280,-30.7165,152.3265,323.3
2281,-30.7218,152.3017,313.7
2282,-30.9506,151.2096,317.0
2283,-30.955,151.1879,331.8
2284,-30.9592,151.1675,322.5
2285,-30.9634,151.1465,321.4
2286,-30.9676,151.126,303.9
2287,-30.7237,152.4543,309.4
2288,-30.7288,152.4297,325.4
2289,-30.7443,152.3542,315.8
2290,-30.9737,151.2115,315.4
2291,-30.9777,151.1907,357.2
2292,-30.9819,151.1695,360.3
2293,-30.986,151.1486,303.1
2294,-30.7264,152.3727,320.4
2295,-30.9616,151.2072,330.5
2296,-30.9658,151.1857,340.8
2297,-30.9699,151.1647,345.3
2298,-30.9741,151.1433,325.7
2299,-30.6368,152.7334,313.0
2300,-30.6423,152.7073,307.7
2301,-30.6593,152.6263,307.4
2302,-30.9496,151.2023,319.3
2303,-30.9538,151.1807,327.4
2304,-30.9578,151.1606,322.1
2305,-30.9621,151.1387,317.6
2306,-30.7045,152.3423,316.6
2307,-30.7097,152.3171,324.6
2308,-30.9373,151.1989,320.4
2309,-30.9415,151.1777,342.7
2310,-30.9458,151.1562,383.0
2311,-30.9498,151.1359,330.7
2312,-30.9535,151.1174,313.1
2313,-30.9574,151.0977,301.3
2314,-30.6914,152.3372,319.9
2315,-30.697,152.3105,337.8
2316,-30.7018,152.2879,328.7
2317,-30.9249,151.1961,319.3
2318,-30.9293,151.1743,362.7
2319,-30.9334,151.1533,432.6
2320,-30.9373,151.1339,358.5
2321,-30.9413,151.1138,319.0
2322,-30.9453,151.0937,312.1
2323,-30.6783,152.3325,324.5
2324,-30.6835,152.308,353.9
2325,-30.6883,152.285,316.5
2326,-30.9126,151.1931,313.1
2327,-30.6754,152.2797,321.8
2328,-30.6805,152.2552,331.2
2329,-30.6627,152.2731,310.0
2330,-30.6945,152.1227,323.3
2331,-30.6497,152.2681,317.9
2332,-30.6997,152.1191,321.4
2333,-31.5612,147.4471,303.3
2334,-30.656,152.2642,322.2
2335,-31.5536,147.4324,307.0
2336,-30.643,152.2595,308.4
2337,-30.6474,152.2382,316.4
2338,-30.1955,152.7148,305.8
2339,-30.1199,152.9933,307.6
2340,-30.1263,152.9642,318.3
2341,-30.1816,152.711,314.5
2342,-30.1871,152.6856,318.5
2343,-30.1122,152.9603,321.4
2344,-30.1734,152.6813,317.5
2345,-30.1321,152.9914,304.7
2346,-30.1917,152.7086,317.5
2347,-30.1181,152.987,311.9
2348,-30.1243,152.9579,316.1
2349,-30.1779,152.7049,314.6
2350,-30.1835,152.6785,315.3
2351,-30.104,152.9827,311.4
2352,-30.1102,152.9538,319.9
2353,-30.1698,152.6738,313.2
2354,-30.0899,152.9787,308.2
2355,-30.1209,152.8344,313.9
2356,-30.1266,152.8078,310.9
2357,-30.1446,152.7236,338.0
2358,-30.1501,152.6979,327.2
2359,-30.1561,152.6696,310.9
2360,-30.1622,152.6409,306.8
2361,-30.1128,152.8034,308.0
2362,-30.1186,152.7764,310.4
2363,-30.1246,152.7486,316.5
2364,-30.1306,152.7205,316.1
2365,-30.1364,152.6936,326.1
2366,-30.0403,152.9321,308.8
2367,-30.0463,152.9045,309.0
2368,-30.0382,152.9245,311.7
2369,-30.0439,152.8976,302.5
2370,-30.1121,152.5059,305.6
2371,-30.0981,152.5035,306.3
2372,-30.0842,152.5007,313.6
2373,-30.0206,152.3627,301.8
2374,-30.006999999999998,152.3592,311.9
2375,-30.0015,152.3513,304.5
2376,-29.8233,152.6445,306.0
2377,-29.8201,152.6377,307.9
2378,-30.0474,151.4671,322.8
2379,-30.0519,151.4447,309.4
2380,-29.8647,152.2874,306.1
2381,-30.0392,151.4412,320.4
2382,-29.8511,152.2839,300.7
2383,-30.0273,151.3676,324.8
2384,-29.768,152.5379,308.9
2385,-29.7723,152.5613,315.4
2386,-30.0164,151.3584,313.3
2387,-29.7643,152.5294,309.5
2388,-30.0036,151.3552,312.5
2389,-29.9909,151.3519,308.3
2390,-29.9782,151.3486,306.0
2391,-30.2239,150.0932,301.9
2392,-29.7548,152.0297,308.8
2393,-29.7484,152.0213,320.3
2394,-29.7535,151.9967,302.3
2395,-29.7347,152.0192,305.9
2396,-29.7401,151.9934,300.4
2397,-29.6412,152.2607,323.4
2398,-29.647,152.2333,329.1
2399,-29.663,152.1582,313.1
2400,-29.6274,152.2577,310.9
2401,-29.6337,152.2285,322.9
2402,-29.6142,152.2522,304.9
2403,-29.6495,152.2569,310.2
2404,-29.6554,152.22799999999998,308.3
2405,-29.6359,152.2529,332.9
2406,-29.6416,152.2251,320.1
2407,-29.6224,152.2486,313.4
2408,-29.6285,152.2193,319.4
2409,-29.3389,152.8001,322.1
2410,-29.3448,152.7727,335.7
2411,-29.3508,152.745,308.9
2412,-29.3306,152.769,317.3
2413,-29.3228,152.7364,328.3
2414,-29.3516,152.7974,308.6
2415,-29.3575,152.7695,307.3
2416,-29.3374,152.7933,327.4
2417,-29.3432,152.7658,328.4
2418,-29.3291,152.7618,317.8
2419,-29.3091,152.7853,310.7
2420,-29.3151,152.7573,324.7
2421,-29.3211,152.72899999999998,329.0
2422,-29.295,152.781,306.7
2423,-29.301,152.7527,340.2
2424,-29.307,152.7248,330.7
2425,-29.2928,152.7211,319.2
2426,-29.1351,153.3027,303.4
2427,-29.1128,153.2625,310.8
2428,-29.1196,153.2323,324.8
2429,-29.136999999999997,153.298,305.3
2430,-29.1145,153.2576,316.2
2431,-29.1211,153.2274,318.0
2432,-29.0999,153.2533,309.4
2433,-29.1064,153.2233,308.1
2434,-29.2079,152.5966,315.3
2435,-29.2022,152.412,303.6
2436,-29.3501,151.6986,313.3
2437,-29.3549,151.675,323.1
2438,-29.3465,151.6483,313.5
2439,-29.2935,151.8374,306.4
2440,-29.1159,152.54,310.6
2441,-29.1135,152.5334,307.7
2442,-29.2197,151.8132,303.7
2443,-29.1899,151.7542,308.2
2444,-29.191,151.774,305.0
2445,-29.1747,151.7162,303.5
2446,-29.2361,151.4128,302.6
2447,-29.2234,151.4081,306.6
2448,-29.1315,151.6544,302.3
2449,-29.1363,151.6315,301.3
2450,-29.1748,151.4448,310.8
2451,-29.1525,151.4862,303.8
2452,-28.5225,153.3417,306.8
2453,-28.3257,152.6801,317.0
2454,-28.3316,152.653,322.7
2455,-28.318,152.6457,312.3
2456,-28.3258,152.6747,323.2
2457,-28.3314,152.6479,317.8
2458,-28.3177,152.6409,311.1
2459,-28.0966,152.3823,312.1
2460,-28.0949,152.3764,313.7
2461,-28.0746,152.4014,307.9
2462,-28.0804,152.3742,309.2
2463,-27.7761,152.269,306.0
2464,-26.2962,146.5803,305.4
2465,-26.2983,146.5676,311.1
2466,-25.6443,146.4256,313.8
2467,-25.6464,146.4129,327.6
2468,-25.6486,146.4003,306.5
2469,-25.6342,146.4235,314.2
2470,-25.6364,146.4108,367.6
2471,-25.6386,146.3981,353.4
2472,-25.6366,146.4183,343.3
2473,-25.6387,146.4056,362.8
2474,-25.6408,146.3929,320.7
2475,-23.0967,150.6329,305.6
2476,-23.101999999999997,150.6065,311.2
2477,-23.1084,150.6286,304.1
2478,-23.0942,150.6255,310.1
2479,-23.0994,150.5991,301.5
2480,-20.7325,139.4772,315.6
2481,-19.1295,144.0762,312.4
2482,-19.1313,144.0647,308.9
2483,-19.1331,144.0536,303.3
2484,-18.8474,145.7259,306.8
2485,-19.1198,144.0745,312.8
2486,-19.1234,144.0518,321.2
2487,-18.8365,145.7239,307.0
2488,-18.8389,145.71,308.4
2489,-19.1137,144.0502,312.1
2490,-19.1004,144.0709,328.7
2491,-19.1022,144.0595,323.3
2492,-19.1039,144.0488,304.2
2493,-19.0973,144.0756,313.1
2494,-19.0991,144.0642,325.8
2495,-19.1008,144.0531,310.3
2496,-16.6981,144.9869,322.5
2497,-16.7003,144.9737,308.6
2498,-16.5908,144.8794,302.2
2499,-15.9298,143.8427,311.9
2500,-15.9198,143.8409,304.2
2501,-15.8939,143.879,311.4
2502,-15.9321,143.6338,320.1
2503,-15.9339,143.6223,319.0
2504,-15.9222,143.632,313.7
2505,-15.9105,143.6418,308.3
2506,-15.86,143.8975,309.3
2507,-15.8517,143.6907,316.2
2508,-15.8418,143.689,317.6
2509,-15.8096,143.8948,302.9
2510,-15.8408,143.6944,313.5
2511,-15.8425,143.6829,314.3
2512,-15.7817,143.7442,313.1
2513,-15.7836,143.7325,320.9
2514,-15.7854,143.7208,309.1
2515,-15.702,144.1125,306.1
2516,-15.7039,144.1002,307.8
2517,-15.6858,144.1472,310.0
2518,-15.6877,144.1352,310.2
2519,-15.6917,144.1106,318.7
2520,-15.6714,144.1708,305.6
2521,-15.6735,144.158,310.4
2522,-15.6755,144.1455,312.1
2523,-15.6815,144.1088,316.6
2524,-15.7013,143.9869,306.0
2525,-15.6773,144.1528,312.5
2526,-15.663,144.1765,312.5
2527,-15.665,144.1637,314.3
2528,-15.667,144.1511,311.5
2529,-15.6728,144.1141,337.8
2530,-15.6748,144.1017,327.6
2531,-15.6921,143.9918,307.5
2532,-15.694,143.9797,308.8
2533,-15.6487,144.1999,303.2
2534,-15.6507,144.1873,307.2
2535,-15.6626,144.1122,321.2
2536,-15.6665,144.0876,317.8
2537,-15.6504,144.1229,316.6
2538,-15.6543,144.0981,323.3
2539,-15.6562,144.086,352.5
2540,-15.6582,144.0738,317.9
2541,-15.6499,144.0598,309.1
2542,-15.6518,144.0476,320.8
2543,-15.6416,144.0459,313.5
2544,-15.6236,144.0929,324.6
2545,-15.6255,144.0806,315.4
2546,-15.6093,144.1159,307.4
2547,-15.6113,144.1035,316.3
2548,-15.6133,144.091,320.0
2549,-15.6153,144.0788,305.3
2550,-15.652999999999999,143.716,302.0
2551,-15.6524,143.7215,302.0
2552,-15.605,143.7614,311.3
2553,-15.5887,143.7344,302.5
2554,-15.3213,145.2333,303.4
2555,-15.5006,143.9717,317.1
2556,-15.5025,143.9595,315.4
2557,-15.3643,143.8549,305.2
2558,-15.3561,143.8411,305.2
2559,-15.3484,143.834,315.2
2560,-15.3402,143.8202,313.8
2561,-15.3439,143.7963,311.9
2562,-15.3477,143.7725,302.5
2563,-14.8042,145.0191,317.2
2564,-14.8066,145.0045,323.8
2565,-14.8043,145.0134,325.2
2566,-14.8066,144.9989,306.5
2567,-15.7949,129.5455,307.5
2568,-15.797,129.539,308.4
2569,-13.0096,143.2772,308.3
2570,-13.0189,143.2179,308.2
2571,-13.0207,143.2059,313.0
2572,-13.0125,143.1927,307.8
2573,-13.0142,143.1812,312.7
2574,-13.0078,143.1562,301.8
2575,-12.9344,143.4882,323.1
2576,-12.9364,143.4759,310.4
2577,-12.9262,143.4742,314.7
2578,-12.9759,143.16299999999998,307.8
2579,-12.9278,143.4806,317.7
2580,-12.9297,143.4684,305.5
2581,-12.9756,143.1685,306.8
2582,-12.940999999999999,143.2592,309.4
2583,-12.9144,143.2305,302.8
2584,-12.9162,143.2188,302.4
2585,-12.9254,143.1601,308.9
2586,-12.9135,143.17,300.9
2587,-12.9144,143.0989,308.6
2588,-12.9062,143.0858,309.2
2589,-12.899000000000001,142.0074,309.2
2590,-12.97,136.1422,314.3
2591,-12.9716,136.1295,311.4
2592,-12.9647,136.1357,323.0
2593,-11.6383,142.4852,309.8
2594,-11.6135,142.5152,309.2
2595,-11.4544,142.3531,305.0
2596,-23.0999,150.6368,311.8
2597,-25.6288,146.4198,323.2
2598,-25.6247,146.4128,312.8
2599,-25.6423,146.4078,308.8
2600,-27.7766,152.2731,304.3
2601,-28.0682,152.4122,305.1
2602,-28.0763,152.3927,319.8
2603,-28.0876,152.3907,313.9
2604,-28.3224,152.6566,326.7
2605,-28.3253,152.6722,345.3
2606,-28.3281,152.6875,314.2
2607,-28.3245,152.6058,307.1
2608,-28.336,152.6684,302.5
2609,-28.3355,152.6028,331.5
2610,-28.5202,153.3498,319.8
2611,-28.5227,153.3637,308.0
2612,-28.5305,153.3464,305.4
2613,-28.533,153.3606,305.5
2614,-28.5693,153.3808,323.5
2615,-28.5717,153.3946,310.9
2616,-28.5798,153.3792,317.9
2617,-28.5822,153.3923,327.3
2618,-28.5803,153.32,346.7
2619,-28.5829,153.3348,324.7
2620,-28.5757,153.33,313.4
2621,-28.5857,153.3852,322.2
2622,-28.5881,153.3982,307.7
2623,-28.5832,153.3114,326.6
2624,-28.586,153.3268,344.2
2625,-28.6381,152.2345,316.1
2626,-28.6523,152.2479,312.0
2627,-28.6512,152.2426,312.5
2628,-29.0906,153.2502,309.7
2629,-29.101,153.2481,319.0
2630,-29.1035,153.2621,316.2
2631,-29.1115,153.2458,334.6
2632,-29.114,153.2597,321.2
2633,-29.1218,153.2429,315.9
2634,-29.1243,153.257,304.9
2635,-29.1317,153.299,312.3
2636,-29.1342,153.3131,314.7
2637,-29.1149,153.2376,318.6
2638,-29.1175,153.252,327.6
2639,-29.1277,153.3076,304.4
2640,-29.1381,153.3052,321.9
2641,-29.101999999999997,152.5416,323.6
2642,-29.1048,152.5569,324.1
2643,-29.1129,152.5392,304.2
2644,-29.1157,152.5544,311.0
2645,-29.1444,152.7091,307.0
2646,-29.1101,152.4627,308.0
2647,-29.14,152.439,310.6
2648,-29.1427,152.4539,306.4
2649,-29.1621,152.5596,342.2
2650,-29.1649,152.575,341.4
2651,-29.1677,152.59,315.0
2652,-29.1509,152.4366,311.6
2653,-29.1501,152.4302,308.3
2654,-29.1937,152.4188,318.2
2655,-29.2164,152.5407,309.6
2656,-29.274,152.6698,313.3
2657,-29.2767,152.6848,325.9
2658,-29.2794,152.6998,311.1
2659,-29.2822,152.7151,312.4
2660,-29.2849,152.73,323.0
2661,-29.2877,152.7454,342.3
2662,-29.2904,152.7601,346.1
2663,-29.2931,152.7751,323.1
2664,-29.2958,152.7903,307.7
2665,-29.2847,152.667,306.9
2666,-29.2957,152.7275,318.7
2667,-29.2984,152.7429,338.6
2668,-29.3011,152.7577,339.8
2669,-29.3038,152.7725,330.4
2670,-29.3065,152.7875,319.9
2671,-29.3064,152.7249,321.2
2672,-29.3091,152.7402,337.0
2673,-29.3118,152.7549,330.3
2674,-29.2985,152.7211,311.1
2675,-29.3014,152.7365,329.2
2676,-29.3042,152.7514,331.2
2677,-29.3069,152.7662,324.9
2678,-29.2494,152.3994,307.0
2679,-29.298000000000002,152.6582,315.5
2680,-29.3092,152.7186,323.4
2681,-29.3121,152.734,332.8
2682,-29.3148,152.7488,331.4
2683,-29.3115,152.6706,333.8
2684,-29.3227,152.7311,320.2
2685,-29.3255,152.746,325.0
2686,-29.3338,152.7912,323.9
2687,-29.3366,152.8062,323.1
2688,-29.1256,151.628,301.5
2689,-29.129,151.6456,305.8
2690,-29.2683,152.3778,310.8
2691,-29.3389,152.7582,319.6
2692,-29.3417,152.7733,336.3
2693,-29.3445,152.7885,377.7
2694,-29.3472,152.8033,338.5
2695,-29.3303,152.6506,317.1
2696,-29.3552,152.7864,350.1
2697,-29.3579,152.8009,319.7
2698,-29.1804,151.7255,308.6
2699,-29.1868,151.7591,305.4
2700,-29.19,151.7761,304.4
2701,-29.3599,152.6282,342.7
2702,-29.3625,152.6426,341.0
2703,-29.375999999999998,152.6549,322.0
2704,-29.3732,152.577,313.2
2705,-29.3741,152.6339,314.2
2706,-29.3768,152.6481,318.1
2707,-29.3796,152.66299999999998,316.0
2708,-29.3734,152.5697,305.7
2709,-29.3764,152.586,310.9
2710,-29.3849,152.6311,310.9
2711,-29.2849,151.8551,309.3
2712,-29.3474,151.6911,303.4
2713,-29.351999999999997,151.6519,308.1
2714,-29.5702,152.3871,304.6
2715,-29.6225,152.4867,311.1
2716,-29.6252,152.5013,311.2
2717,-29.6357,152.4967,308.7
2718,-29.6274,152.4952,316.6
2719,-29.6302,152.51,312.3
2720,-29.6213,152.2201,324.8
2721,-29.6241,152.2352,324.1
2722,-29.6351,152.2326,319.2
2723,-29.7574,152.5181,317.3
2724,-29.7656,152.5622,313.2
2725,-29.7685,152.578,316.1
2726,-29.8119,152.8139,361.1
2727,-29.8146,152.8284,368.5
2728,-29.8251,152.826,306.2
2729,-29.825,152.6427,308.2
2730,-29.840999999999998,152.6697,311.6
2731,-29.7328,152.0153,313.4
2732,-29.7325,152.0099,313.3
2733,-29.7437,152.0079,309.4
2734,-29.7469,152.0242,333.8
2735,-29.7498,152.0397,307.0
2736,-29.8548,152.2937,307.0
2737,-29.9664,152.9081,307.2
2738,-29.969,152.9223,304.8
2739,-29.9693,152.8631,309.6
2740,-29.9799,152.8609,317.3
2741,-29.9824,152.8754,319.6
2742,-29.9749,152.8702,312.2
2743,-29.9854,152.868,324.9
2744,-30.0402,152.9291,331.1
2745,-30.0324,152.8249,304.2
2746,-30.0507,152.9265,325.1
2747,-30.0531,152.9399,309.9
2748,-30.061,152.9235,309.2
2749,-30.0841,152.9917,309.7
2750,-29.9783,152.3427,301.5
2751,-30.0486,152.732,305.3
2752,-30.0511,152.7458,308.8
2753,-30.0448,152.7421,306.2
2754,-29.9802,152.33700000000002,302.9
2755,-29.9968,152.3649,312.8
2756,-29.9995,152.3795,311.6
2757,-30.1027,152.938,317.4
2758,-30.1052,152.9518,319.7
2759,-30.1104,152.9801,321.8
2760,-30.0077,152.3626,318.5
2761,-30.0104,152.3773,332.6
2762,-30.1133,152.9362,326.7
2763,-30.1157,152.9496,329.6
2764,-30.1182,152.9636,320.1
2765,-30.1208,152.9778,323.4
2766,-30.1312,152.9754,326.6
2767,-30.1135,152.8174,334.5
2768,-30.1162,152.832,330.6
2769,-30.1188,152.8465,314.3
2770,-30.124000000000002,152.8751,311.0
2771,-30.103,152.6986,315.6
2772,-30.1056,152.7129,333.2
2773,-30.1108,152.74200000000002,312.6
2774,-30.1161,152.7709,314.2
2775,-30.1266,152.8293,311.0
2776,-30.0784,152.5027,310.1
2777,-30.0813,152.5186,307.3
2778,-30.124000000000002,152.7539,326.8
2779,-30.1266,152.7685,338.7
2780,-30.0892,152.5004,318.0
2781,-30.1241,152.6935,312.9
2782,-30.1267,152.7076,327.3
2783,-30.1294,152.7229,319.7
2784,-30.1,152.4983,309.3
2785,-30.1028,152.5141,313.7
2786,-30.1347,152.6908,321.7
2787,-30.1372,152.7051,341.9
2788,-30.14,152.7206,393.1
2789,-30.1426,152.7352,408.8
2790,-30.0902,152.4931,309.3
2791,-30.0932,152.5089,310.9
2792,-30.1264,152.6865,309.9
2793,-30.1289,152.7003,327.1
2794,-30.1317,152.7151,328.1
2795,-30.1345,152.7303,318.3
2796,-30.104,152.5069,316.0
2797,-30.1395,152.6979,331.8
2798,-30.1423,152.7129,351.1
2799,-30.1451,152.72799999999998,421.8
2800,-30.1477,152.7423,343.0
2801,-30.158,152.6787,322.7
2802,-30.166,152.6619,320.1
2803,-30.1686,152.67600000000002,318.7
2804,-30.1712,152.6903,332.0
2805,-30.174,152.7056,321.5
2806,-30.1632,152.5859,311.0
2807,-30.1659,152.6009,308.9
2808,-30.1818,152.6877,312.2
2809,-30.1845,152.7029,328.8
2810,-30.1873,152.7181,321.6
2811,-30.6316,152.7277,316.5
2812,-30.6343,152.74200000000002,317.6
2813,-30.6389,152.2086,320.6
2814,-30.6414,152.2221,319.4
2815,-30.6446,152.2392,314.9
2816,-30.6478,152.2564,319.1
2817,-30.6504,152.2707,352.1
2818,-30.6529,152.2841,334.6
2819,-30.6584,152.2532,311.8
2820,-30.6612,152.2684,317.0
2821,-30.6717,152.2645,359.3
2822,-30.6744,152.2787,342.5
2823,-30.677,152.2928,344.7
2824,-30.6799,152.3087,327.7
2825,-30.6829,152.3249,324.4
2826,-30.6854,152.339,306.3
2827,-30.7653,152.7782,332.4
2828,-30.6823,152.2608,320.6
2829,-30.685,152.2758,319.6
2830,-30.6908,152.3075,321.1
2831,-30.6936,152.3227,332.8
2832,-30.6961,152.3363,332.0
2833,-30.6988,152.3509,330.1
2834,-30.7016,152.3663,337.5
2835,-30.7042,152.3806,321.0
2836,-30.6765,152.1678,307.2
2837,-30.6985,152.2881,319.4
2838,-30.7014,152.3041,331.5
2839,-30.7041,152.3186,333.7
2840,-30.7068,152.3335,323.2
2841,-30.7232,152.4238,316.7
2842,-30.7259,152.4386,327.9
2843,-30.6845,152.15,315.5
2844,-30.6871,152.1644,341.3
2845,-30.69,152.1798,319.9
2846,-30.7146,152.3152,328.2
2847,-30.7174,152.3303,319.0
2848,-30.7259,152.3773,326.6
2849,-30.7283,152.3906,328.8
2850,-30.7365,152.436,348.4
2851,-30.7391,152.4506,325.5
2852,-30.7043,152.2979,323.0
2853,-30.706999999999997,152.3122,331.5
2854,-30.7099,152.3275,323.9
2855,-30.7295,152.43200000000002,333.4
2856,-30.7323,152.447,326.7
2857,-30.6894,152.1588,331.3
2858,-30.6921,152.1736,328.9
2859,-30.7293,152.3714,320.8
2860,-30.7319,152.3854,328.4
2861,-30.7401,152.4296,325.4
2862,-30.743000000000002,152.4451,328.9
2863,-30.6917,152.1111,305.7
2864,-30.6947,152.1271,336.9
2865,-30.7369,152.3523,317.2
2866,-30.7161,152.1204,319.7
2867,-30.7243,152.1039,311.2
2868,-30.732,152.0842,306.1
2869,-30.8169,152.4248,319.2
2870,-30.8776,152.7013,327.3
2871,-30.8801,152.7157,338.7
2872,-30.8187,152.4173,312.1
2873,-30.8216,152.4326,316.3
2874,-30.8732,152.7107,322.5
2875,-30.8758,152.7245,318.3
2876,-30.8835,152.7074,333.2
2877,-30.8861,152.7217,332.9
2878,-30.8991,152.7331,321.0
2879,-30.9224,152.6823,314.0
2880,-30.9251,152.6971,327.3
2881,-30.9303,152.7256,324.7
2882,-30.8748,152.2999,331.1
2883,-30.8382,152.0246,314.0
2884,-30.8517,151.9757,311.8
2885,-30.8547,151.9913,333.4
2886,-30.9204,152.3415,315.1
2887,-30.8624,151.9715,320.8
2888,-30.8655,151.988,335.6
2889,-30.9474,152.4277,311.3
2890,-30.87,151.9517,318.0
2891,-30.8729,151.9669,388.4
2892,-30.8758,151.9825,370.1
2893,-30.8787,151.9981,329.6
2894,-30.8783,151.9351,324.3
2895,-30.8811,151.9499,402.0
2896,-30.8842,151.9665,402.7
2897,-30.8869,151.9808,332.8
2898,-30.9767,152.4668,312.1
2899,-30.8867,151.9189,345.9
2900,-30.8895,151.9338,391.5
2901,-30.8924,151.9492,358.7
2902,-30.8953,151.9648,320.4
2903,-30.9632,152.3327,309.4
2904,-30.9847,152.4501,302.1
2905,-30.9873,152.4644,315.8
2906,-31.0163,152.624,313.9
2907,-30.8946,151.9,338.0
2908,-30.8973,151.9144,341.0
2909,-30.9001,151.9297,336.0
2910,-30.903000000000002,151.9449,314.4
2911,-30.9741,152.3314,305.0
2912,-31.0268,152.6217,315.3
2913,-30.9055,151.8969,323.5
2914,-30.9081,151.9108,320.0
2915,-30.9161,151.8922,328.6
2916,-30.9187,151.9065,320.9
2917,-30.9074,151.9049,324.7
2918,-30.918000000000003,151.9005,329.5
2919,-30.9404,151.8976,318.8
2920,-30.943,151.9115,323.1
2921,-30.9459,151.9269,316.9
2922,-30.9514,151.8954,363.2
2923,-30.954,151.9091,379.1
2924,-30.9623,151.8928,355.1
2925,-30.9651,151.9075,384.6
2926,-31.0875,152.5703,321.8
2927,-30.9732,151.8901,347.4
2928,-30.9762,151.9058,395.2
2929,-30.9792,151.9219,313.9
2930,-31.009,151.9599,320.3
2931,-31.0199,151.9572,355.6
2932,-31.0226,151.9719,318.8
2933,-31.1345,152.5891,327.3
2934,-31.0107,151.9543,322.6
2935,-31.1292,152.5849,327.1
2936,-31.0216,151.952,345.0
2937,-31.0244,151.9664,337.2
2938,-31.1421,152.5366,314.6
2939,-31.15,152.5795,330.9
2940,-31.1605,152.5771,323.5
2941,-31.0576,151.9622,337.7
2942,-31.0603,151.9762,323.9
2943,-31.1683,152.56,325.5
2944,-31.0684,151.9589,307.9
2945,-31.070999999999998,151.9726,348.9
2946,-31.0737,151.9875,331.1
2947,-31.0851,152.0487,318.8
2948,-31.1736,152.5294,345.5
2949,-31.1761,152.5434,359.7
2950,-31.1787,152.5573,350.8
2951,-30.9278,151.1561,365.9
2952,-30.9313,151.174,365.5
2953,-31.0818,151.9701,330.9
2954,-31.0844,151.9836,327.2
2955,-31.0933,152.0318,325.3
2956,-31.096,152.0463,339.7
2957,-31.0992,152.0639,326.2
2958,-31.1868,152.5418,341.8
2959,-31.1892,152.5553,388.2
2960,-31.1917,152.569,393.6
2961,-31.1944,152.5838,334.9
2962,-30.9394,151.154,348.5
2963,-30.9427,151.1711,338.4
2964,-31.1012,152.0135,321.3
2965,-31.1042,152.0295,331.5
2966,-31.1068,152.0439,345.7
2967,-31.1101,152.0618,352.0
2968,-31.1974,152.5404,325.5
2969,-31.1998,152.5535,334.4
2970,-31.2022,152.5666,344.4
2971,-31.2048,152.5809,329.6
2972,-30.9575,151.1856,335.9
2973,-30.9606,151.2018,354.0
2974,-30.9638,151.2189,307.1
2975,-31.1091,151.995,312.8
2976,-31.1123,152.0125,326.1
2977,-31.1149,152.0266,330.3
2978,-31.1177,152.0414,334.3
2979,-31.1209,152.0592,336.3
2980,-31.1628,152.2886,311.6
2981,-31.1655,152.3037,311.1
2982,-31.1683,152.3189,307.7
2983,-31.1711,152.3345,304.6
2984,-30.9655,151.1646,325.0
2985,-30.9687,151.1814,327.0
2986,-30.9719,151.1982,333.5
2987,-30.9751,151.2155,316.0
2988,-30.949,151.1626,314.8
2989,-30.9525,151.1804,321.8
2990,-30.9558,151.197,347.3
2991,-30.9591,151.2137,320.8
2992,-31.1125,152.0054,326.8
2993,-31.1154,152.0207,324.1
2994,-31.1179,152.0342,321.1
2995,-31.1211,152.0511,332.9
2996,-31.1675,152.2966,315.4
2997,-30.9671,151.1931,325.9
2998,-30.9704,151.21,331.5
2999,-30.9717,151.1557,326.2
3000,-30.9751,151.173,354.9
3001,-30.9783,151.1891,360.2
3002,-30.9817,151.2067,303.6
3003,-31.2758,152.7643,311.1
3004,-31.2784,152.7788,313.0
3005,-31.2157,152.3771,310.0
3006,-31.2182,152.391,312.3
3007,-31.2263,152.4347,322.0
3008,-31.2289,152.4489,321.1
3009,-31.2862,152.7623,301.6
3010,-31.2261,152.3737,318.2
3011,-31.2288,152.3886,317.6
3012,-31.2367,152.4316,330.4
3013,-31.2394,152.4461,322.1
3014,-31.304000000000002,152.8014,303.8
3015,-31.2498,152.4432,328.8
3016,-31.2524,152.4574,324.9
3017,-31.3463,152.5786,323.2
3018,-31.3569,152.577,313.8
3019,-31.2868,152.1354,306.8
3020,-31.2888,152.0857,320.2
3021,-31.2916,152.1008,317.8
3022,-31.2946,152.1169,308.0
3023,-31.3026,152.1605,313.3
3024,-31.3053,152.1748,316.8
3025,-31.3698,152.5283,302.5
3026,-31.2884,152.0226,315.6
3027,-31.2913,152.0381,306.5
3028,-31.294,152.0531,305.5
3029,-31.2994,152.0821,318.2
3030,-31.3021,152.097,324.1
3031,-31.3156,152.1706,302.5
3032,-31.3184,152.1857,301.4
3033,-31.3403,152.3053,314.6
3034,-31.354,152.3808,321.1
3035,-31.366999999999997,152.4526,309.8
3036,-31.393,152.5969,319.4
3037,-31.3346,152.2132,311.8
3038,-31.3375,152.2296,307.7
3039,-31.3535,152.3171,321.6
3040,-31.3391,152.2215,313.5
3041,-31.3584,152.3244,320.6
3042,-31.3947,152.1612,323.3
3043,-31.3974,152.1756,318.7
3044,-31.4325,152.3676,305.9
3045,-31.4352,152.3825,309.1
3046,-31.4694,152.4502,303.7
3047,-31.4743,152.4432,302.4
3048,-31.4599,152.1878,304.6
3049,-31.4626,152.2023,310.4
3050,-31.4789,152.2904,311.2
3051,-31.4732,152.1996,313.7
3052,-31.4758,152.2141,319.0
3053,-31.4786,152.2289,313.8
3054,-31.4813,152.2436,312.5
3055,-31.484,152.2581,318.5
3056,-31.4868,152.2732,313.2
3057,-31.5054,152.3746,307.1
3058,-31.4864,152.2113,318.1
3059,-31.4891,152.226,326.1
3060,-31.4918,152.2408,330.2
3061,-31.4945,152.2554,325.8
3062,-31.6055,152.2993,302.3
3063,-31.636999999999997,152.2909,307.9
3064,-31.6396,152.3052,331.0
3065,-31.6421,152.3189,329.9
3066,-31.6447,152.3335,330.2
3067,-31.6474,152.3484,321.2
3068,-31.6501,152.3634,337.9
3069,-31.6528,152.3787,353.1
3070,-31.6556,152.3943,340.6
3071,-31.6337,152.3021,314.9
3072,-31.6362,152.3156,324.9
3073,-31.6389,152.3298,328.5
3074,-31.6472,152.3744,321.0
3075,-31.65,152.3897,322.2
3076,-31.6387,152.2699,317.3
3077,-31.6412,152.2835,325.7
3078,-31.644000000000002,152.2982,320.8
3079,-31.6466,152.3123,319.2
3080,-31.6521,152.3417,325.0
3081,-31.6548,152.3567,337.9
3082,-31.6578,152.3725,364.5
3083,-31.6607,152.388,368.3
3084,-31.6634,152.4028,318.6
3085,-31.6466,152.2531,334.9
3086,-31.6493,152.2675,349.9
3087,-31.6517,152.2808,320.6
3088,-31.6655,152.355,322.3
3089,-31.6683,152.3702,328.5
3090,-31.6711,152.3851,327.1
3091,-31.6737,152.3995,316.4
3092,-31.6763,152.4137,323.8
3093,-31.6788,152.42700000000002,325.5
3094,-31.6813,152.4406,327.4
3095,-31.6839,152.4546,306.2
3096,-31.6516,152.2203,319.3
3097,-31.6571,152.2502,316.2
3098,-31.6596,152.2639,312.3
3099,-31.6758,152.3518,310.9
3100,-31.6785,152.366,313.3
3101,-31.6865,152.4097,310.4
3102,-31.6891,152.424,316.8
3103,-31.6917,152.4378,316.1
3104,-31.6943,152.4519,311.6
3105,-31.6969,152.4664,314.9
3106,-31.6568,152.1886,308.5
3107,-31.6594,152.2028,339.2
3108,-31.662,152.2168,339.6
3109,-31.6646,152.2313,328.7
3110,-31.6674,152.246,323.1
3111,-31.6995,152.4212,319.4
3112,-31.7022,152.4356,323.4
3113,-31.7047,152.4494,315.0
3114,-31.593000000000004,151.786,336.5
3115,-31.5961,151.8024,314.9
3116,-31.6646,152.1711,319.0
3117,-31.6673,152.1858,321.9
3118,-31.7099,152.4183,314.7
3119,-31.7125,152.4325,326.6
3120,-31.715,152.4465,311.0
3121,-31.604,151.7836,304.0
3122,-31.6068,151.799,331.5
3123,-31.6097,151.8143,370.9
3124,-31.6128,151.8308,316.5
3125,-31.675,152.1673,311.3
3126,-31.6777,152.18200000000002,313.5
3127,-31.6148,151.781,311.4
3128,-31.6177,151.7966,316.0
3129,-31.6205,151.8114,319.1
3130,-31.6233,151.8267,312.0
3131,-31.6856,152.1647,308.4
3132,-31.6732,151.9032,326.7
3133,-31.6761,151.9186,311.3
3134,-31.6813,151.8867,325.7
3135,-31.686999999999998,151.917,330.2
3136,-31.6897,151.9314,336.5
3137,-31.6925,151.9463,333.1
3138,-31.6954,151.9613,318.8
3139,-31.6983,151.9771,321.1
3140,-31.7011,151.99200000000002,338.7
3141,-31.704,152.0074,318.5
3142,-31.7069,152.023,321.9
3143,-31.7097,152.0379,312.4
3144,-31.7036,151.9454,322.5
3145,-31.7062,151.9595,329.7
3146,-31.7091,151.9749,331.3
3147,-31.7118,151.9895,308.4
3148,-31.7146,152.0045,311.9
3149,-31.7175,152.0198,320.3
3150,-31.7782,152.3485,301.9
3151,-31.7145,151.9435,319.7
3152,-31.7171,151.9576,330.7
3153,-31.7197,151.9717,327.9
3154,-31.7726,152.2581,301.2
3155,-31.7224,151.9256,325.0
3156,-31.7251,151.9401,315.5
3157,-31.7529,152.0907,341.9
3158,-31.7558,152.1064,351.0
3159,-31.7587,152.1224,329.3
3160,-31.7669,152.1669,312.9
3161,-31.7695,152.1814,310.8
3162,-31.733,151.9225,307.8
3163,-31.7665,152.1042,334.8
3164,-31.7694,152.1203,338.7
3165,-31.7721,152.1348,322.1
3166,-31.7773,152.1635,335.5
3167,-31.78,152.178,341.1
3168,-31.7827,152.1927,333.7
3169,-31.7854,152.2075,355.9
3170,-31.788,152.2222,317.4
3171,-31.776999999999997,152.1012,323.2
3172,-31.7799,152.1169,333.0
3173,-31.7827,152.1322,335.0
3174,-31.7852,152.1462,328.8
3175,-31.7879,152.1607,335.0
3176,-31.7906,152.1757,362.5
3177,-31.7933,152.1904,376.3
3178,-31.796,152.2052,350.9
3179,-31.7739,152.0229,315.3
3180,-31.7877,152.0989,317.2
3181,-31.7905,152.1143,329.1
3182,-31.7932,152.1292,330.3
3183,-31.7959,152.1441,336.6
3184,-31.7985,152.1587,357.0
3185,-31.8014,152.1743,349.7
3186,-31.804000000000002,152.1886,373.6
3187,-31.8065,152.2028,363.7
3188,-31.8092,152.2171,347.8
3189,-31.7721,152.0494,317.8
3190,-31.7805,152.0943,320.8
3191,-31.7836,152.1102,325.4
3192,-31.7864,152.1253,327.0
3193,-31.7892,152.1402,326.0
3194,-31.7918,152.1543,332.4
3195,-31.7947,152.1696,345.4
3196,-31.7975,152.1843,358.6
3197,-31.8002,152.1987,346.8
3198,-31.8029,152.2131,327.9
3199,-31.7685,151.9712,306.5
3200,-31.7881,152.0753,326.9
3201,-31.7912,152.0916,321.0
3202,-31.7943,152.1082,312.9
3203,-31.7969,152.1222,342.6
3204,-31.7998,152.1379,328.9
3205,-31.8025,152.1521,350.3
3206,-31.8055,152.168,338.8
3207,-31.8083,152.1829,361.2
3208,-31.8108,152.1965,374.7
3209,-31.8135,152.2108,358.3
3210,-31.8161,152.2251,319.1
3211,-31.7988,152.07299999999998,321.8
3212,-31.8017,152.0887,311.4
3213,-31.8076,152.12,326.2
3214,-31.8102,152.1342,300.7
3215,-31.8188,152.1804,310.2
3216,-31.8215,152.1947,316.6
3217,-31.8241,152.2087,302.3
3218,-31.8066,152.0549,311.8
3219,-31.8093,152.0699,304.7
3220,-31.967,152.4845,302.1
3221,-31.9613,152.3349,303.5
3222,-31.9718,152.3324,340.3
3223,-31.9744,152.347,328.7
3224,-31.9822,152.3298,318.2
3225,-31.9927,152.3275,319.5
3226,-32.0007,152.3114,306.5
3227,-32.0032,152.3254,347.5
3228,-32.0058,152.34,318.9
3229,-32.0138,152.3239,334.9
3230,-32.0164,152.338,331.4
3231,-32.0085,152.3194,330.7
3232,-32.0111,152.3337,326.4
3233,-32.0216,152.3312,322.4
3234,-32.0241,152.3452,314.5
3235,-32.0372,152.3571,302.9
3236,-33.007,150.497,308.9
3237,-33.0139,150.5319,313.1
3238,-33.0174,150.5495,308.4
3239,-33.0947,150.5956,318.7
3240,-33.1094,150.6099,312.6
3241,-33.0682,150.3401,303.2
3242,-33.1413,150.71200000000002,348.1
3243,-33.1446,150.7292,367.0
3244,-33.1491,150.6914,333.6
3245,-33.1525,150.7089,361.5
3246,-33.1558,150.726,345.7
3247,-33.1603,150.6882,340.5
3248,-33.1637,150.7057,328.0
3249,-33.1025,150.3295,307.6
3250,-33.1682,150.668,341.1
3251,-33.1716,150.6853,339.3
3252,-33.1815,150.7368,321.7
3253,-33.114000000000004,150.3265,311.7
3254,-33.1762,150.6478,326.2
3255,-33.1795,150.6649,329.3
3256,-33.1841,150.6271,329.9
3257,-33.1874,150.6447,331.8
3258,-33.1101,150.3221,314.8
3259,-33.1777,150.6599,328.9
3260,-33.1821,150.6221,321.5
3261,-33.1855,150.6396,337.3
3262,-33.1366,150.3329,314.1
3263,-33.1405,150.3525,308.7
3264,-33.169000000000004,150.4958,319.8
3265,-33.1516,150.3477,327.3
3266,-33.1551,150.3652,321.1
3267,-33.1943,150.5637,330.4
3268,-33.1979,150.5821,329.6
3269,-33.1671,150.365,323.7
3270,-33.1846,150.4535,323.0
3271,-33.1881,150.4714,315.8
3272,-33.2625,150.8527,303.5
3273,-33.1959,150.45,311.0
3274,-33.2204,150.575,331.4
3275,-33.2239,150.5931,325.9
3276,-33.2273,150.6108,320.3
3277,-33.2307,150.6281,322.9
3278,-33.234,150.6451,326.6
3279,-33.2372,150.6617,332.1
3280,-33.2748,150.7949,323.8
3281,-33.286,150.7922,313.8
3282,-33.2892,150.8089,309.5
3283,-34.8809,117.0747,323.4
3284,-34.8709,117.073,326.0
3285,-33.3861,115.9443,302.7
3286,-31.45,123.7192,307.1
3287,-31.4524,123.7054,307.9
3288,-31.3902,123.6554,301.6
3289,-31.1865,123.5791,307.2
3290,-31.1779,123.5849,305.4
3291,-31.0324,124.1007,301.2
3292,-31.0245,124.0833,312.6
3293,-31.014,124.0807,319.8
3294,-31.0107,124.0741,301.0
3295,-27.3246,128.8787,300.2
3296,-24.3891,118.1108,302.8
3297,-15.8888,125.6218,308.0
3298,-15.8956,125.5859,309.0
3299,-15.8796,125.5823,312.8
3300,-15.8664,125.6085,307.9
3301,-15.5953,125.5402,307.4
3302,-12.2199,142.3687,311.2
3303,-12.2221,142.3859,304.1
3304,-12.8926,142.0112,300.7
3305,-12.0347,132.8654,303.0
3306,-12.2506,132.4965,302.8
3307,-15.3393,143.8106,300.4
3308,-13.6676,131.3718,306.8
3309,-13.6661,131.3811,307.6
3310,-15.6111,144.1052,302.5
3311,-15.6548,144.0999,310.8
3312,-15.6118,144.0979,301.8
3313,-15.6555,144.0928,313.4
3314,-15.67,144.0909,310.3
3315,-15.8449,143.9003,305.1
3316,-15.8593,143.8988,320.1
3317,-15.8737,143.8973,314.7
3318,-15.8852,143.8699,301.7
3319,-15.8881,143.8957,316.1
3320,-15.8624,143.8933,319.0
3321,-15.8768,143.8917,309.4
3322,-15.8912,143.8902,318.6
3323,-14.7634,127.2895,302.8
3324,-14.8718,127.3612,304.2
3325,-15.0116,127.3589,307.7
3326,-15.0125,127.3822,306.5
3327,-15.0428,127.3766,337.9
3328,-15.0483,127.4062,328.7
3329,-15.0579,127.3739,311.2
3330,-15.0634,127.4035,323.2
3331,-15.0687,127.4324,307.0
3332,-15.0562,127.3691,308.1
3333,-15.0619,127.3986,324.8
3334,-15.0675,127.4276,310.8
3335,-15.8798,125.5947,308.0
3336,-15.887,125.6313,306.7
3337,-31.0206,124.089,300.1
3338,-24.5692,118.2504,322.0
3339,-24.5719,118.281,330.9
3340,-24.5679,118.2455,312.7
3341,-24.5704,118.27600000000001,335.6
