latitude,longitude,frp
-40.9452,147.6686,15.0
-34.8955,117.0203,470.1
-34.8911,117.0226,676.9
-34.8809,117.0747,29.8
-34.8781,117.01299999999999,519.6
-34.8738,117.0152,685.6
-34.8709,117.073,32.8
-34.8608,117.0057,283.9
-34.8564,117.008,241.8
-34.8489,117.041,82.1
-34.8392,117.0733,82.5
-34.8385,117.0878,24.5
-34.8366,117.0651,47.1
-34.8366,117.0707,50.1
-34.8345,117.04799999999999,14.8
-34.7518,147.0128,9.4
-34.4616,150.8806,13.1
-33.8206,150.7975,6.9
-33.3861,115.9443,9.5
-33.2892,150.8089,19.5
-33.286,150.7922,26.5
-33.2748,150.7949,44.5
-33.2625,150.8527,12.5
-33.2386,150.5916,29.5
-33.2372,150.6617,59.3
-33.2353,150.6088,139.1
-33.234,150.6451,44.1
-33.2319,150.6259,85.3
-33.2308,150.5709,14.0
-33.2307,150.6281,35.7
-33.2299,150.5833,43.4
-33.2275,150.5881,42.9
-33.2273,150.6108,30.8
-33.2267,150.6004,37.2
-33.2239,150.5931,43.6
-33.2235,150.6175,27.8
-33.2229,150.55100000000002,14.2
-33.2219,150.5631,33.5
-33.2204,150.575,60.1
-33.2196,150.56799999999998,46.3
-33.2141,150.5964,12.8
-33.2139,150.5431,48.2
-33.2126,150.6077,11.4
-33.2108,150.5593,34.2
-33.2063,150.5831,27.8
-33.2059,150.5237,9.7
-33.2048,150.5946,1013.8
-33.2033,150.6059,745.4
-33.2028,150.5395,40.6
-33.1996,150.5564,56.6
-33.1984,150.5699,21.1
-33.1981,150.5024,19.8
-33.1979,150.5821,45.4
-33.1975,150.6299,29.7
-33.1969,150.4472,21.5
-33.1969,150.5815,685.2
-33.1964,150.5733,81.6
-33.1959,150.45,24.3
-33.1955,150.5927,939.9
-33.1943,150.5637,49.4
-33.1941,150.60399999999998,95.6
-33.1935,150.4651,21.5
-33.1915,150.5372,43.7
-33.1906,150.5154,55.7
-33.1903,150.4818,35.4
-33.1895,150.6096,81.5
-33.1891,150.5268,227.5
-33.1891,150.5681,239.2
-33.1883,150.5541,70.4
-33.1881,150.4714,28.7
-33.1877,150.5382,24.5
-33.1876,150.5797,1443.2
-33.1874,150.6447,58.3
-33.1872,150.4678,124.8
-33.1871,150.4986,37.0
-33.1862,150.5498,33.4
-33.1862,150.591,680.7
-33.1862,150.627,153.3
-33.1857,150.4446,34.2
-33.1857,150.4794,344.9
-33.1855,150.6396,71.1
-33.1851,150.5707,30.3
-33.1846,150.4535,42.5
-33.1846,150.5615,186.4
-33.1841,150.6271,52.1
-33.1838,150.516,27.3
-33.1831,150.57299999999998,570.2
-33.1827,150.5026,25.5
-33.1826,150.4609,33.1
-33.1821,150.6221,29.1
-33.1816,150.5845,410.7
-33.1815,150.7368,30.2
-33.1813,150.5138,97.6
-33.1802,150.5957,43.4
-33.1798,150.5253,194.0
-33.1795,150.6649,51.0
-33.1794,150.4545,93.0
-33.1783,150.5369,176.3
-33.1779,150.4662,715.2
-33.1777,150.6599,48.8
-33.1768,150.5482,182.4
-33.1764,150.4777,471.9
-33.1762,150.6478,47.3
-33.176,150.4954,54.4
-33.1754,150.5596,276.1
-33.1749,150.4891,9.3
-33.1739,150.5711,269.0
-33.1734,150.5009,30.2
-33.1726,150.5127,27.1
-33.1724,150.5825,143.7
-33.1719,150.5122,40.2
-33.1716,150.6853,81.0
-33.1705,150.5237,90.3
-33.1704,150.4027,29.5
-33.17,150.453,217.0
-33.1693,150.3482,22.2
-33.1693,150.53,17.2
-33.169000000000004,150.4958,33.7
-33.169000000000004,150.5353,51.2
-33.1688,150.4141,23.4
-33.1685,150.4646,227.0
-33.1682,150.668,90.8
-33.1675,150.5465,81.6
-33.1673,150.3595,71.5
-33.1671,150.365,46.7
-33.1671,150.476,69.7
-33.1669,150.4206,27.5
-33.1661,150.5578,25.1
-33.1658,150.3659,109.6
-33.1656,150.4874,30.5
-33.1646,150.5692,18.8
-33.1641,150.499,20.2
-33.164,150.377,90.6
-33.1637,150.7057,48.4
-33.1631,150.5807,11.5
-33.1624,150.3839,34.7
-33.1624,150.566,25.8
-33.1622,150.4394,26.6
-33.1607,150.4513,59.6
-33.1603,150.6882,88.4
-33.1594,150.3396,30.5
-33.1592,150.463,15.6
-33.1588,150.3911,15.9
-33.1573,150.4029,31.8
-33.1559,150.3585,45.8
-33.1558,150.726,110.1
-33.1553,150.5675,13.9
-33.1552,150.3434,56.4
-33.1551,150.3652,39.7
-33.1543,150.4262,10.4
-33.1538,150.3546,58.4
-33.1538,150.5791,12.5
-33.1528,150.4381,69.5
-33.1525,150.7089,185.6
-33.1524,150.3661,39.7
-33.1516,150.3477,57.9
-33.1513,150.4497,30.8
-33.1491,150.6914,69.3
-33.1481,150.3379,26.7
-33.1459,150.3413,49.0
-33.145,150.4245,20.4
-33.1446,150.7292,220.8
-33.1444,150.3533,14.2
-33.1434,150.4365,17.7
-33.1413,150.71200000000002,121.7
-33.1405,150.3169,12.7
-33.1405,150.3525,20.2
-33.138000000000005,150.3281,24.0
-33.137,150.3351,29.5
-33.1366,150.3329,29.5
-33.1365,150.3399,29.2
-33.1286,150.3264,17.4
-33.1244,150.5856,28.4
-33.1238,150.3188,18.7
-33.123000000000005,150.5968,73.4
-33.1222,150.33100000000002,21.5
-33.1181,150.3122,19.6
-33.1151,150.5838,118.0
-33.1144,150.3176,152.6
-33.114000000000004,150.3265,24.9
-33.1137,150.5951,163.5
-33.1129,150.3293,89.5
-33.1101,150.3221,29.9
-33.1094,150.6099,22.7
-33.1073,150.5707,26.4
-33.1058,150.5821,75.3
-33.1049,150.3162,21.3
-33.1044,150.5935,124.4
-33.104,150.3253,20.8
-33.1035,150.3275,213.5
-33.1029,150.6047,6.5
-33.1025,150.3295,19.2
-33.102,150.3392,42.1
-33.098,150.5689,149.2
-33.0965,150.5802,57.2
-33.0947,150.5956,31.2
-33.0941,150.326,10.3
-33.091,150.5728,77.6
-33.0895,150.5842,140.8
-33.088,150.5955,58.0
-33.0862,150.3129,115.2
-33.0847,150.3244,107.2
-33.0832,150.5598,65.7
-33.0817,150.5711,91.4
-33.0754,150.5465,59.5
-33.0739,150.5579,74.9
-33.0688,150.3276,20.2
-33.0682,150.3401,15.4
-33.0661,150.5448,54.6
-33.0646,150.5563,144.4
-33.0631,150.5677,147.4
-33.0616,150.5792,60.1
-33.0553,150.5547,162.0
-33.0538,150.566,121.9
-33.0524,150.5773,50.7
-33.046,150.553,73.3
-33.0448,150.4125,26.3
-33.0445,150.5644,43.0
-33.0434,150.4239,23.8
-33.0381,150.5401,28.5
-33.0367,150.5513,86.8
-33.0355,150.4108,65.6
-33.034,150.4222,21.6
-33.0317,150.5157,42.6
-33.0303,150.52700000000002,214.9
-33.0288,150.5383,78.5
-33.0282,150.4682,30.8
-33.0268,150.4795,238.4
-33.0261,150.4091,23.2
-33.0253,150.491,96.8
-33.0247,150.4205,36.8
-33.0238,150.5025,64.4
-33.0233,150.43200000000002,30.9
-33.0224,150.5138,85.3
-33.0218,150.4433,72.6
-33.021,150.525,11.7
-33.0205,150.4142,12.1
-33.0204,150.4548,21.5
-33.019,150.4256,24.8
-33.0189,150.4664,73.6
-33.0175,150.4369,34.6
-33.0175,150.4778,183.3
-33.0174,150.5495,18.4
-33.0163,150.4196,9.4
-33.0161,150.4483,54.0
-33.016,150.4892,41.4
-33.0146,150.4598,44.2
-33.0139,150.5319,25.4
-33.0131,150.4713,61.2
-33.0129,150.4375,20.1
-33.0116,150.4827,16.5
-33.0096,150.4549,18.3
-33.007,150.497,20.3
-32.6857,151.3439,28.3
-32.0816,152.4315,6.4
-32.0757,152.4086,20.5
-32.0742,152.4191,11.2
-32.0697,152.4251,26.6
-32.0667,152.4067,81.4
-32.0652,152.4173,22.9
-32.0625,115.9209,12.0
-32.0443,152.3695,111.0
-32.0412,152.3646,37.9
-32.0384,152.3465,29.7
-32.0372,152.3571,11.3
-32.0369,152.3571,59.1
-32.0354,152.3676,150.5
-32.0338,152.3782,15.4
-32.031,152.3341,14.2
-32.0294,152.3447,99.2
-32.0279,152.3552,24.4
-32.0241,152.3452,21.4
-32.0239,152.3271,37.4
-32.0224,152.3377,226.5
-32.0216,152.3312,32.9
-32.0208,152.3483,101.0
-32.0164,152.3148,24.1
-32.0164,152.338,47.0
-32.0149,152.3253,275.0
-32.0138,152.3239,55.3
-32.0134,152.3359,240.3
-32.0114,152.3227,68.6
-32.0111,152.3337,37.5
-32.0085,152.3194,47.7
-32.0059,152.3235,71.2
-32.0058,152.34,23.6
-32.0044,152.3341,25.2
-32.0032,152.3254,90.1
-32.0013,152.3552,16.6
-32.0007,152.3114,11.8
-31.9983,152.3204,67.1
-31.9969,152.3217,69.3
-31.9954,152.3323,213.5
-31.9939,152.3428,242.7
-31.9927,152.3275,24.7
-31.9923,152.3534,26.9
-31.9853,152.3171,68.4
-31.9828,152.4821,26.6
-31.9822,152.3298,23.1
-31.9813,152.4927,9.8
-31.9803,152.3727,36.9
-31.9801,152.3418,79.1
-31.9754,152.4697,36.7
-31.9744,152.347,43.3
-31.9738,152.4802,98.7
-31.9723,152.4908,105.2
-31.9722,152.3144,37.4
-31.9718,152.3324,70.3
-31.9708,152.5014,17.2
-31.9672,152.3379,106.2
-31.967,152.4845,9.0
-31.9633,152.489,11.6
-31.9613,152.3349,9.7
-31.958000000000002,152.3302,29.9
-31.941,122.9339,15.7
-31.9041,115.8179,9.6
-31.855,115.8928,6.9
-31.8241,152.2087,7.2
-31.8222,152.20600000000002,80.9
-31.8215,152.1947,23.5
-31.8188,152.1804,15.4
-31.8169,152.2314,22.5
-31.8161,152.2251,26.9
-31.8147,152.0536,25.3
-31.8146,152.1768,191.8
-31.8135,152.2108,133.8
-31.8123,152.0588,57.5
-31.8111,152.1291,42.2
-31.8108,152.1965,218.8
-31.8102,152.1342,6.1
-31.81,152.0767,44.2
-31.8093,152.0699,10.5
-31.8093,152.1469,64.6
-31.8092,152.2028,325.6
-31.8092,152.2171,94.9
-31.8083,152.1829,147.3
-31.8076,152.0811,47.1
-31.8076,152.12,41.4
-31.8067,152.0267,16.7
-31.8066,152.0549,18.6
-31.8065,152.2028,160.4
-31.8064,152.1514,162.1
-31.8055,152.168,68.0
-31.8048,152.16899999999998,278.8
-31.8046,152.0313,42.8
-31.804000000000002,152.1886,213.2
-31.804000000000002,152.2276,33.0
-31.8033,152.1013,23.9
-31.8029,152.2131,41.1
-31.8025,152.1521,104.4
-31.802,152.0499,97.3
-31.8017,152.0887,17.2
-31.8016,152.1743,591.3
-31.8014,152.1743,100.3
-31.8013,152.1196,77.5
-31.8002,152.1987,91.3
-31.7998,152.1379,44.5
-31.7997,152.1942,526.9
-31.7995,152.0551,109.9
-31.7988,152.07299999999998,31.6
-31.7985,152.1243,114.8
-31.7985,152.1587,129.7
-31.7975,152.1843,135.2
-31.7973,152.07299999999998,110.6
-31.7969,152.1222,79.3
-31.7965,152.1429,176.1
-31.7962,152.1996,509.8
-31.796,152.2052,105.8
-31.7959,152.1441,61.5
-31.7948,152.0775,113.1
-31.7947,152.1696,85.8
-31.7946,152.2191,55.7
-31.7943,152.1082,18.2
-31.7934,152.1483,183.2
-31.7933,152.1904,229.7
-31.7932,152.1292,46.3
-31.793000000000003,152.0938,47.3
-31.7927,115.8388,8.1
-31.7918,152.1543,51.0
-31.7916,152.1673,420.1
-31.7912,152.0916,29.9
-31.7906,152.1757,152.9
-31.7905,152.0982,62.7
-31.7905,152.1143,42.8
-31.7893,152.0462,57.3
-31.7892,152.1402,37.7
-31.7886,152.1156,85.7
-31.7883,152.1726,335.1
-31.7881,151.9789,122.2
-31.7881,152.0753,40.2
-31.788,152.2222,23.5
-31.7879,152.1607,56.5
-31.7877,152.0989,20.9
-31.7867,151.9894,262.0
-31.7866,152.1917,231.9
-31.7864,152.1253,39.4
-31.7858,152.1203,104.0
-31.7854,152.2075,123.8
-31.7852,151.9999,60.6
-31.7852,152.1462,42.3
-31.7845,152.0695,66.7
-31.7837,152.1394,72.9
-31.7836,152.0104,603.3
-31.7836,152.1102,35.3
-31.7833,152.1963,70.1
-31.7827,152.1322,56.3
-31.7827,152.1927,53.0
-31.7822,152.342,37.6
-31.7821,152.02100000000002,276.6
-31.7818,152.2154,23.1
-31.7814,152.019,33.9
-31.7808,152.1441,56.1
-31.7806,151.9666,34.3
-31.7806,152.3526,139.0
-31.7805,152.0943,26.7
-31.7801,152.0911,81.9
-31.78,152.178,72.4
-31.7799,152.1169,50.2
-31.7796,152.168,20.0
-31.7794,152.3448,13.3
-31.7791,151.9771,28.9
-31.7791,152.3631,49.5
-31.7788,152.1635,78.6
-31.7782,152.3485,8.7
-31.778000000000002,152.2435,9.9
-31.7777,151.9876,21.1
-31.7776,152.0526,22.2
-31.7773,152.1635,57.9
-31.776999999999997,152.1012,30.3
-31.7769,152.041,44.8
-31.7764,152.2541,34.5
-31.7762,151.9981,56.1
-31.7761,152.0631,235.8
-31.7758,152.1118,159.8
-31.7756,152.1682,77.9
-31.7749,152.2646,91.3
-31.7746,152.0087,552.4
-31.7746,152.0736,54.4
-31.774,152.1868,30.5
-31.7739,152.0229,19.7
-31.7734,152.2751,35.7
-31.7732,151.9542,44.0
-31.7732,152.3402,9.9
-31.7731,152.0192,212.3
-31.7726,152.2581,7.8
-31.7721,152.0494,23.1
-31.7721,152.1348,31.5
-31.7717,151.9648,81.0
-31.7716,152.0297,21.9
-31.7716,152.3507,27.1
-31.7715,152.1596,18.4
-31.7711,152.1349,91.9
-31.7706,152.1918,16.8
-31.7701,152.0403,16.0
-31.7701,152.3613,20.2
-31.7699,152.1702,7.0
-31.7695,152.1814,14.5
-31.7694,152.1203,65.9
-31.7686,152.0508,28.8
-31.7685,151.9712,12.1
-31.7672,152.0881,103.2
-31.7671,152.0613,106.1
-31.7669,152.1669,16.9
-31.7665,152.1042,56.8
-31.7659,152.2628,12.6
-31.7657,152.0069,13.4
-31.7656,152.0718,53.5
-31.7644,152.2733,13.2
-31.7641,152.0174,10.4
-31.7641,152.0824,13.6
-31.764,152.1473,20.4
-31.763,152.1085,262.6
-31.7627,151.963,22.0
-31.7625,152.1578,23.5
-31.7587,152.1224,44.9
-31.7566,152.07,23.0
-31.7558,152.1064,107.0
-31.755,152.1455,16.7
-31.7544,152.0844,95.1
-31.7529,152.0907,77.4
-31.7492,151.9278,9.5
-31.7491,152.0577,20.3
-31.7476,152.0682,33.8
-31.746,152.1437,15.1
-31.7402,151.9261,29.8
-31.7401,152.0559,139.2
-31.7387,151.9366,22.3
-31.7386,152.0664,31.5
-31.737,152.1419,32.7
-31.7355,152.1524,41.5
-31.7346,151.9237,22.1
-31.733,151.9225,12.6
-31.7312,151.9243,26.0
-31.730999999999998,152.1839,10.5
-31.7297,151.9348,12.2
-31.7282,151.9454,58.5
-31.728,152.1401,16.3
-31.7267,151.9559,25.4
-31.7265,152.1506,12.9
-31.7252,151.9664,124.6
-31.7251,151.9401,19.6
-31.7237,151.9121,36.7
-31.7237,151.9769,238.5
-31.7224,151.9256,36.0
-31.7223,151.9183,34.1
-31.7222,151.9226,56.9
-31.7222,151.9874,33.4
-31.7207,151.9331,160.6
-31.7207,151.9979,29.4
-31.7201,152.4289,28.1
-31.7197,151.9717,43.8
-31.7192,151.9436,353.4
-31.7177,151.9541,131.7
-31.7177,152.019,42.6
-31.7175,151.9419,47.2
-31.7175,152.0198,30.2
-31.7171,151.9576,46.8
-31.7162,151.9646,27.1
-31.7162,152.0295,115.9
-31.7155,152.0179,43.9
-31.715,151.9156,24.1
-31.715,152.4465,16.2
-31.7147,151.9751,92.9
-31.7147,152.04,23.5
-31.7147,152.454,25.1
-31.7146,152.0045,17.7
-31.7145,151.9435,25.2
-31.7135,151.8611,28.0
-31.7135,151.9261,49.0
-31.7132,151.9856,96.7
-31.7131,152.0235,47.1
-31.7125,152.4325,38.1
-31.7124,151.9672,103.4
-31.712,151.9366,192.0
-31.712,152.4202,60.6
-31.7118,151.9895,12.8
-31.7117,151.9961,165.3
-31.7109,152.3859,11.6
-31.7108,152.0408,19.6
-31.7105,151.9471,195.0
-31.7099,152.4183,19.1
-31.7097,152.0379,19.4
-31.7091,151.9576,18.4
-31.7091,151.9749,51.3
-31.7076,151.9681,10.0
-31.7075,151.9912,63.5
-31.7069,152.023,32.9
-31.7068,152.4452,45.9
-31.7062,151.9595,44.8
-31.7061,151.9786,19.9
-31.706,151.9138,16.9
-31.7047,152.4494,19.8
-31.7045,151.8594,32.3
-31.7045,151.9243,328.2
-31.704,152.0074,26.8
-31.7036,151.9454,29.8
-31.703000000000003,151.9348,173.2
-31.7022,152.4356,30.4
-31.7019,152.384,54.3
-31.7016,151.8804,45.7
-31.7016,152.4701,20.2
-31.7011,151.99200000000002,70.6
-31.7004,152.3946,124.7
-31.7,151.891,29.8
-31.6995,152.4212,24.5
-31.699,152.4164,56.1
-31.6988,152.4052,21.3
-31.6985,151.9015,22.0
-31.6983,151.9771,30.6
-31.6981,152.1557,17.3
-31.6971,151.912,105.0
-31.697,151.8471,30.1
-31.6969,151.9117,40.9
-31.6969,152.4664,20.1
-31.6956,151.9225,117.1
-31.6955,151.8576,80.4
-31.6954,151.9613,25.2
-31.695,152.1767,22.7
-31.6943,152.4519,14.9
-31.6941,151.933,103.8
-31.6938,152.441,58.1
-31.6934,151.864,26.9
-31.6929,152.3822,45.7
-31.6926,151.8786,138.2
-31.6925,151.9463,54.4
-31.6917,152.4378,18.2
-31.6916,151.9377,65.3
-31.6914,152.3927,51.9
-31.691,151.8892,108.1
-31.6897,151.9314,61.8
-31.6896,151.8997,88.2
-31.6891,152.424,18.6
-31.689,151.8853,59.6
-31.6886,152.4658,36.1
-31.6884,152.1503,8.1
-31.6881,151.9102,83.5
-31.688000000000002,152.7912,15.1
-31.6875,152.1644,26.5
-31.686999999999998,151.917,46.7
-31.6868,151.8327,30.8
-31.6865,152.4097,11.6
-31.6862,152.4113,51.7
-31.686,152.1749,195.4
-31.6856,151.8374,34.0
-31.6856,152.1647,14.2
-31.6855,152.3698,21.0
-31.6845,152.1855,14.6
-31.684,151.9097,52.8
-31.6839,152.3803,140.0
-31.6839,152.4546,10.7
-31.6836,151.8769,21.8
-31.6833,152.1753,14.2
-31.6826,152.3259,375.3
-31.6824,152.3909,103.8
-31.6821,151.8874,81.1
-31.6813,151.8867,38.7
-31.6813,152.4406,39.2
-31.6811,152.3364,126.5
-31.680999999999997,151.8593,26.0
-31.6806,151.8979,115.1
-31.6795,152.3469,59.6
-31.6789,152.168,31.1
-31.6788,152.42700000000002,34.3
-31.6785,152.366,17.2
-31.6784,152.3824,64.1
-31.6777,151.8777,63.6
-31.6777,152.18200000000002,17.7
-31.6773,152.1785,47.0
-31.6763,152.4137,30.9
-31.6761,151.9186,15.1
-31.676,151.8836,77.0
-31.6758,152.189,81.5
-31.6758,152.3518,14.6
-31.6754,152.3315,29.5
-31.6753,152.2486,31.8
-31.6751,152.3136,28.1
-31.675,152.1673,15.6
-31.675,152.3493,62.9
-31.6744,151.8277,12.4
-31.6743,152.1995,27.2
-31.6738,152.2591,29.9
-31.6737,152.3995,18.9
-31.6737,152.4046,64.1
-31.6736,152.3241,47.5
-31.6735,152.2228,43.4
-31.6732,151.9032,41.2
-31.6728,151.9025,45.8
-31.6728,152.21,49.5
-31.6721,152.3346,27.8
-31.6713,152.2206,53.0
-31.6711,152.3851,35.7
-31.6708,152.1696,39.4
-31.6707,152.3537,92.9
-31.6706,152.345,20.0
-31.6704,152.3718,295.4
-31.6697,152.2287,73.3
-31.6684,152.2477,58.7
-31.6683,152.1766,71.8
-31.6683,152.3702,37.7
-31.6682,152.2416,22.2
-31.6677,152.3012,64.0
-31.6674,152.246,32.8
-31.6673,152.1858,30.5
-31.6668,152.1871,130.7
-31.6667,152.2522,90.4
-31.6662,152.3118,230.1
-31.666,152.1929,62.6
-31.666,152.3759,599.9
-31.6658,152.3941,502.7
-31.6655,152.355,26.9
-31.6653,152.1977,25.5
-31.6652,152.2627,70.7
-31.6647,152.252,52.6
-31.6646,152.1711,26.3
-31.6646,152.2313,42.7
-31.6646,152.3223,81.7
-31.6638,152.2082,69.1
-31.6636,152.2732,38.6
-31.6634,152.4028,23.7
-31.6623,152.328,45.1
-31.6621,152.2837,21.0
-31.662,152.2168,68.5
-31.6619,152.3459,111.5
-31.660999999999998,152.3991,412.6
-31.6607,152.2185,71.6
-31.6607,152.388,175.2
-31.6606,152.2943,57.2
-31.6596,152.2639,15.3
-31.6594,152.2028,69.0
-31.6591,152.3048,73.6
-31.6578,152.3725,157.3
-31.6577,152.2503,105.0
-31.6574,152.3513,174.5
-31.6572,152.369,157.0
-31.6571,152.2502,21.2
-31.6568,152.1886,13.4
-31.6562,152.2405,56.3
-31.6562,152.2608,101.0
-31.6556,152.3943,70.3
-31.6548,152.3567,60.3
-31.6546,152.2713,103.6
-31.6543,152.3011,37.5
-31.6535,152.3201,68.7
-31.6531,152.2819,75.0
-31.6528,152.3787,109.3
-31.6525,152.3916,49.2
-31.6524,152.3746,63.3
-31.6521,152.3417,32.1
-31.6517,152.2808,27.4
-31.6516,152.2203,26.1
-31.6516,152.2924,14.8
-31.6512,152.2646,77.9
-31.6501,152.303,13.1
-31.6501,152.3634,60.7
-31.65,152.3897,28.6
-31.6493,152.2675,100.7
-31.6491,152.3252,131.0
-31.6487,152.3433,58.6
-31.6474,152.3484,25.8
-31.6472,152.3744,24.9
-31.6466,152.2531,57.6
-31.6466,152.3123,20.4
-31.6458,152.2907,149.1
-31.6447,152.3335,43.2
-31.644000000000002,152.2982,24.7
-31.6421,152.3189,43.5
-31.6412,152.2835,34.9
-31.6408,152.315,120.9
-31.6396,152.3052,48.4
-31.6389,152.3298,36.2
-31.6387,152.2699,22.4
-31.636999999999997,152.2909,12.3
-31.6362,152.3156,29.9
-31.6337,152.3021,15.7
-31.6244,151.7722,48.8
-31.624000000000002,151.8143,32.8
-31.6233,151.8267,21.3
-31.6229,151.7827,22.1
-31.6214,151.7932,241.6
-31.6205,151.8114,31.5
-31.6199,151.8037,425.8
-31.6177,151.7966,25.6
-31.6163,151.7867,44.1
-31.6148,151.781,18.8
-31.6141,152.2956,8.1
-31.6139,151.781,97.0
-31.6128,151.8308,27.6
-31.6124,151.7915,139.5
-31.6116,151.8099,47.1
-31.6109,151.80200000000002,9.5
-31.6097,151.8143,218.6
-31.6068,151.799,56.7
-31.6055,152.2993,8.2
-31.6049,151.7792,58.6
-31.6048,151.77700000000002,13.5
-31.604,151.7836,10.1
-31.6038,151.7832,22.4
-31.6034,151.7897,119.5
-31.6003,151.7997,15.9
-31.5961,151.8024,23.7
-31.593000000000004,151.786,69.6
-31.5612,147.4471,9.0
-31.5536,147.4324,12.2
-31.5128,152.3551,13.9
-31.5113,152.3657,32.3
-31.5054,152.3746,11.7
-31.5023,152.3638,27.7
-31.5007,152.3744,19.6
-31.4999,152.2149,14.0
-31.4994,152.3199,18.8
-31.4989,152.2338,54.2
-31.4979,152.3303,64.0
-31.4964,152.3409,12.8
-31.4948,152.2391,101.9
-31.4945,152.2554,38.4
-31.4938,152.2586,60.6
-31.4927,152.3142,21.8
-31.4918,152.2408,47.2
-31.491,152.2053,39.3
-31.4909,123.8056,15.7
-31.4905,152.31799999999998,33.6
-31.4896,152.2637,50.6
-31.4891,152.226,39.7
-31.4891,152.2637,21.6
-31.4889,152.3285,44.5
-31.4881,152.2147,244.0
-31.487,152.2109,65.2
-31.4868,152.2732,16.2
-31.4866,152.2252,88.7
-31.4864,152.2113,25.9
-31.4859,152.2301,62.1
-31.484,152.2581,24.9
-31.4819,152.2352,39.2
-31.4815,152.3163,81.2
-31.4813,152.2436,16.6
-31.4806,152.2024,60.8
-31.4799,152.3268,68.7
-31.4791,152.2129,67.0
-31.479,152.2778,17.4
-31.4789,152.2904,13.4
-31.4786,152.2289,19.1
-31.4781,152.2013,27.8
-31.4776,152.2234,130.1
-31.4774,152.2883,55.6
-31.4761,152.2339,9.7
-31.4759,152.2988,60.6
-31.4758,152.2141,26.6
-31.4743,152.4432,7.9
-31.4732,152.1901,29.1
-31.4732,152.1996,19.8
-31.4716,152.2006,54.3
-31.4694,152.4502,8.9
-31.4657,152.1777,25.9
-31.4642,152.1882,71.6
-31.4626,152.2023,16.0
-31.4599,152.1878,9.9
-31.4524,123.7054,14.4
-31.4502,123.7268,33.7
-31.45,123.7192,13.7
-31.4456,152.3793,20.6
-31.4441,152.3899,32.9
-31.4397,152.3565,35.2
-31.4382,152.36700000000002,29.5
-31.4372,152.1829,15.3
-31.4366,152.3775,26.6
-31.4352,152.3825,13.8
-31.4325,152.3676,10.1
-31.4291,152.3706,19.2
-31.4133,152.1565,9.9
-31.4059,152.1533,60.9
-31.4052,152.1482,35.4
-31.4044,152.1745,18.8
-31.4036,152.1586,25.9
-31.4001,152.1807,26.5
-31.3974,152.1756,25.9
-31.3973,123.6576,39.0
-31.3966,152.1457,54.0
-31.3966,152.5864,33.1
-31.395,152.597,13.4
-31.3947,152.1612,34.0
-31.393,152.5969,27.1
-31.3916,152.1779,20.5
-31.3912,152.1721,44.6
-31.3902,123.6554,9.2
-31.3872,123.656,22.6
-31.3848,152.5405,19.1
-31.3801,152.5722,20.9
-31.3789,152.5176,29.1
-31.3774,152.5282,10.8
-31.3738,152.3229,15.3
-31.3718,152.4402,36.2
-31.3703,152.4507,33.1
-31.3698,152.5283,6.7
-31.3696,152.5809,5.5
-31.3671,152.4718,11.8
-31.366999999999997,152.4526,12.8
-31.3656,152.4823,34.0
-31.3655,123.6661,18.8
-31.3644,152.3684,38.5
-31.3641,152.3668,107.3
-31.3637,152.5579,46.2
-31.3626,152.3773,82.9
-31.3623,152.4423,70.0
-31.3621,152.5683,46.7
-31.3609,152.3182,32.6
-31.3608,152.4529,279.4
-31.3606,152.5789,27.2
-31.3592,152.3722,59.1
-31.3584,152.3244,27.1
-31.3582,152.3441,13.3
-31.3569,152.577,17.6
-31.3566,152.3546,10.3
-31.3554,123.6645,18.4
-31.3551,152.365,28.3
-31.3547,152.556,55.5
-31.3542,152.3956,36.7
-31.354,152.3808,27.6
-31.3536,152.3755,28.7
-31.3535,152.3171,28.0
-31.3533,152.4404,9.0
-31.3531,152.5665,83.4
-31.351999999999997,152.386,39.6
-31.3518,152.451,22.3
-31.3515,152.5771,70.3
-31.3512,152.3649,26.5
-31.3505,152.3965,10.1
-31.3481,152.2232,17.0
-31.3479,152.2879,39.9
-31.3478,152.3146,27.6
-31.3465,152.3874,22.6
-31.3463,152.2984,51.8
-31.3463,152.5786,32.7
-31.3448,152.309,30.2
-31.3435,152.2545,8.0
-31.3421,152.2096,35.8
-31.3406,152.2109,13.9
-31.3404,152.2837,18.9
-31.3403,152.3053,18.9
-31.3391,152.2213,26.3
-31.3391,152.2215,17.8
-31.3389,152.2861,68.1
-31.3375,152.2296,10.8
-31.3373,152.2966,27.0
-31.3346,152.2132,15.7
-31.3184,152.1857,5.8
-31.3182,152.174,32.3
-31.3167,152.1845,46.2
-31.3156,152.1706,6.8
-31.3151,152.195,12.5
-31.3129,152.1682,23.9
-31.3107,152.791,11.9
-31.3091,152.8017,7.6
-31.3086,152.173,23.0
-31.3067,152.069,15.8
-31.3053,152.1748,24.1
-31.3052,152.0795,13.8
-31.304000000000002,152.8014,10.0
-31.3026,152.1605,18.8
-31.3024,152.0862,78.4
-31.3023,152.0358,62.6
-31.3021,152.097,35.7
-31.3008,152.0463,128.2
-31.2994,152.0821,25.8
-31.2993,152.0567,142.7
-31.2977,152.0672,269.7
-31.2976,152.1318,80.6
-31.2963,152.0131,32.2
-31.2962,152.0777,13.0
-31.2948,152.0235,264.6
-31.2946,152.1169,12.6
-31.294,152.0531,11.7
-31.2933,152.034,118.4
-31.2933,152.1303,22.2
-31.2932,152.0986,66.6
-31.291999999999998,152.005,20.7
-31.2918,152.0445,79.2
-31.2917,152.1091,34.9
-31.2916,152.1008,25.2
-31.2913,152.0381,13.7
-31.2903,152.0549,222.5
-31.2899,152.0805,54.5
-31.2899,152.7431,8.8
-31.2894,123.7159,12.1
-31.2888,152.0654,230.0
-31.2888,152.0857,29.6
-31.2884,152.0226,27.0
-31.2883,152.7536,49.9
-31.2873,152.0113,30.4
-31.2873,152.0759,13.1
-31.2872,152.0281,27.3
-31.2868,152.1354,12.2
-31.2867,152.7641,32.0
-31.2862,152.7623,7.6
-31.2858,152.0218,52.6
-31.2843,152.0322,25.2
-31.2784,152.7788,17.9
-31.2783,152.0095,19.5
-31.2768,152.02,19.1
-31.2758,152.7643,16.3
-31.2642,152.5414,12.9
-31.2626,152.5521,24.5
-31.2592,152.4591,17.4
-31.2558,152.545,21.9
-31.2548,152.4257,17.4
-31.2542,152.5557,27.4
-31.2524,152.4574,32.7
-31.2517,152.4466,318.7
-31.2502,152.4572,28.7
-31.2498,152.4432,40.1
-31.2458,152.4238,81.9
-31.2455,152.4888,35.8
-31.2443,152.4342,145.2
-31.2439,152.4994,37.5
-31.2427,152.4448,74.7
-31.2424,152.5099,62.5
-31.2408,152.5205,50.3
-31.2396,152.4658,22.3
-31.2394,152.4461,25.4
-31.2393,152.531,29.2
-31.2381,152.4763,54.9
-31.2367,152.4316,42.2
-31.2365,152.4869,191.5
-31.2353,152.4324,48.5
-31.2349,152.4976,34.6
-31.234,152.378,25.1
-31.2337,152.4429,79.4
-31.2334,152.50799999999998,43.9
-31.2322,152.4534,46.3
-31.2306,152.464,25.8
-31.2291,152.4745,37.1
-31.2289,152.4489,21.8
-31.2288,152.3886,23.0
-31.2281,152.3552,21.0
-31.2265,152.3657,31.8
-31.2263,152.4347,24.4
-31.2261,152.3737,25.3
-31.225,152.3761,113.2
-31.2244,152.506,66.9
-31.2235,152.3866,34.1
-31.2182,152.391,15.2
-31.2181,152.5484,16.3
-31.2176,152.3638,15.1
-31.2157,152.3771,14.4
-31.2154,152.5042,23.5
-31.2141,152.4499,38.1
-31.2138,152.5146,36.2
-31.2107,152.5358,79.7
-31.2091,152.5464,39.4
-31.2067,152.4375,59.2
-31.2055,152.5503,57.8
-31.2052,152.44799999999998,195.1
-31.2048,152.5809,41.7
-31.2036,152.4586,45.2
-31.2033,152.5232,308.1
-31.2022,152.5666,75.8
-31.2017,152.5337,1597.7
-31.2002,152.5444,98.6
-31.1998,152.5535,49.6
-31.1993,152.425,25.1
-31.1974,152.5404,29.0
-31.1944,152.5838,52.3
-31.1943,152.5213,359.1
-31.1927,152.532,1305.1
-31.1918,152.4127,36.3
-31.1917,152.569,344.1
-31.1911,152.5426,27.0
-31.1892,152.5553,301.4
-31.1868,152.5418,69.4
-31.1865,123.5791,13.0
-31.1861,123.8126,59.5
-31.1853,152.5197,32.1
-31.1837,152.5303,48.1
-31.1787,152.5573,99.1
-31.1781,152.3167,36.7
-31.1779,123.5849,11.3
-31.1777,123.79799999999999,14.5
-31.1761,123.811,45.1
-31.1761,152.5434,132.2
-31.1736,152.5294,80.0
-31.1731,152.5391,19.0
-31.1722,152.29399999999998,42.9
-31.1715,152.5497,241.5
-31.1711,152.3345,11.0
-31.1701,152.4339,15.3
-31.1699,152.5603,99.0
-31.1686,152.4444,11.3
-31.1684,152.5708,415.1
-31.1683,152.3189,14.6
-31.1683,152.56,30.4
-31.1675,152.2966,23.1
-31.1655,152.3037,18.7
-31.1652,152.5307,71.0
-31.1636,152.5412,250.8
-31.1632,152.2922,24.3
-31.1628,152.2886,19.8
-31.162,152.5519,437.0
-31.1605,152.5625,182.9
-31.1605,152.5771,26.5
-31.1561,152.5289,119.9
-31.1548,152.0323,183.9
-31.1546,152.5395,79.5
-31.1532,152.0428,639.1
-31.153000000000002,152.5501,34.7
-31.1517,152.0532,64.5
-31.1515,152.5606,37.6
-31.15,152.5795,41.1
-31.1499,152.5712,251.6
-31.1483,152.5818,125.3
-31.1471,152.5272,19.4
-31.146,152.0356,30.8
-31.1456,152.5377,12.4
-31.1445,152.0461,57.5
-31.143,152.0565,28.9
-31.1421,152.5366,15.1
-31.1409,152.5694,118.6
-31.1393,152.58,86.7
-31.1355,152.0443,132.3
-31.1345,152.5891,35.9
-31.134,152.0547,395.9
-31.1325,152.0651,106.0
-31.1319,152.5676,25.4
-31.1305,124.1913,48.6
-31.1303,152.5781,10.0
-31.1292,152.5849,35.3
-31.125999999999998,152.5446,16.1
-31.125,152.0529,27.9
-31.1248,152.1819,15.1
-31.1235,152.0633,112.3
-31.1211,152.0511,55.7
-31.1209,152.0592,63.3
-31.1179,152.0342,28.5
-31.1177,152.0414,56.1
-31.1154,152.0207,36.1
-31.1149,152.0266,47.2
-31.1145,152.0616,106.5
-31.113000000000003,152.072,36.2
-31.1125,152.0054,44.5
-31.1123,152.0125,41.1
-31.1108,152.0454,111.0
-31.1101,152.0618,115.8
-31.1091,151.995,19.8
-31.1085,152.1033,11.6
-31.1068,152.0439,89.3
-31.1066,152.0658,29.0
-31.1056,152.0598,30.7
-31.1042,152.0295,47.5
-31.104,152.0702,56.0
-31.1012,152.0135,29.6
-31.1011,152.0267,70.5
-31.0996,152.0372,16.7
-31.0993,152.474,48.2
-31.0992,152.0639,40.0
-31.0989,152.5391,58.5
-31.0977,152.4846,77.5
-31.0974,152.5497,57.0
-31.0966,152.058,33.4
-31.096,152.0463,70.3
-31.0958,152.5602,16.3
-31.0951,152.0041,28.5
-31.0951,152.0685,45.0
-31.0936,152.0145,94.3
-31.0933,152.0318,32.7
-31.0921,152.0249,56.0
-31.0906,152.0354,8.7
-31.0903,152.4722,68.9
-31.0899,152.5372,19.7
-31.0891,152.0459,16.8
-31.0887,152.4828,346.1
-31.0884,152.5477,31.9
-31.0877,151.9919,22.9
-31.0876,152.0563,45.3
-31.0875,152.5703,28.8
-31.0872,152.4933,51.1
-31.0868,152.5583,120.5
-31.0862,152.0023,147.7
-31.0851,152.0487,24.6
-31.0846,152.0127,146.0
-31.0846,152.0771,36.2
-31.0844,151.9836,41.5
-31.0831,152.0231,23.3
-31.0818,151.9701,53.1
-31.0818,152.4758,37.7
-31.0803,152.4863,38.1
-31.0802,151.9796,89.9
-31.0794,152.5459,11.7
-31.0787,151.9901,590.6
-31.0787,152.4967,10.6
-31.0778,152.5565,106.1
-31.0772,152.0005,729.5
-31.0762,152.5671,31.2
-31.0757,152.011,333.2
-31.0741,152.0214,28.7
-31.0737,151.9875,48.2
-31.0727,151.9674,297.4
-31.0712,151.9778,913.5
-31.070999999999998,151.9726,108.1
-31.0697,151.9883,1703.7
-31.0694,152.56,17.9
-31.0684,151.9589,16.5
-31.0682,151.9987,627.5
-31.0667,152.0092,103.5
-31.0644,151.9591,256.9
-31.0629,151.9696,1162.1
-31.0615,151.98,363.3
-31.0603,151.9762,34.5
-31.0599,151.9905,339.6
-31.0584,152.0009,137.9
-31.0576,151.9622,71.7
-31.0569,152.0114,28.1
-31.0555,151.9574,424.7
-31.054000000000002,151.9678,1345.1
-31.0525,151.9783,301.6
-31.051,151.9887,237.4
-31.0495,151.9991,210.0
-31.0482,152.5467,41.9
-31.0479,152.0096,10.3
-31.0467,152.5249,33.7
-31.0465,151.9556,143.7
-31.0455,152.5333,20.6
-31.045,151.966,693.6
-31.0435,151.9765,212.2
-31.0435,152.6055,48.7
-31.041999999999998,151.9869,256.3
-31.0411,152.5504,37.2
-31.0405,151.9973,395.9
-31.039,152.0078,122.7
-31.0376,152.5972,94.0
-31.0375,152.0182,7.1
-31.0365,152.5314,29.5
-31.035999999999998,151.9643,97.5
-31.0345,151.9747,191.5
-31.033,151.9852,1044.3
-31.0324,124.1007,9.4
-31.0318,152.625,45.7
-31.0315,151.9956,396.8
-31.03,152.006,331.7
-31.0298,152.60299999999998,126.8
-31.0285,152.0164,37.5
-31.026999999999997,151.9625,63.5
-31.0268,152.6217,25.1
-31.0267,152.5139,44.2
-31.0255,151.97299999999998,77.2
-31.0245,124.0833,21.5
-31.0244,151.9664,67.8
-31.024,151.9834,121.9
-31.0238,152.5951,74.3
-31.0226,151.9719,25.1
-31.0225,151.9939,50.2
-31.0217,152.5377,66.7
-31.0216,151.952,94.0
-31.0215,152.5068,62.0
-31.021,152.0043,86.0
-31.0206,124.089,23.7
-31.0199,151.9572,135.3
-31.0196,151.9503,25.8
-31.0196,152.5824,60.2
-31.0195,152.0147,59.9
-31.0184,152.5279,52.6
-31.0182,152.6217,35.5
-31.018,151.9608,95.8
-31.018,152.0251,8.9
-31.018,152.593,34.5
-31.0169,152.5382,90.8
-31.0165,151.9712,25.4
-31.0163,152.624,23.5
-31.0153,152.5488,33.7
-31.015,151.9817,17.0
-31.0141,152.4946,51.2
-31.014,124.0807,31.4
-31.0137,152.5595,13.5
-31.0135,151.9921,47.8
-31.0133,152.5104,51.7
-31.0125,152.5051,32.5
-31.0121,152.5699,151.8
-31.011999999999997,152.0025,35.9
-31.0107,124.0741,8.9
-31.0107,151.9543,33.7
-31.0106,151.9485,40.9
-31.0106,152.5805,1532.2
-31.0091,151.959,110.9
-31.009,151.9599,28.5
-31.009,152.5912,638.6
-31.0063,152.547,28.2
-31.0051,152.4927,30.2
-31.0047,152.5576,62.9
-31.0039,152.4382,7.7
-31.0035,152.5033,41.9
-31.0031,152.5682,408.8
-31.0026,152.5608,43.2
-31.0023,152.4487,35.4
-31.0015,152.5787,418.4
-31.0008,152.4591,25.6
-31.0001,151.9572,52.1
-30.9999,152.5894,223.7
-30.9992,152.4697,10.3
-30.9984,152.5999,126.2
-30.9961,152.4907,46.0
-30.9957,152.5558,17.2
-30.9945,152.5014,49.4
-30.9941,152.5664,133.3
-30.9928,152.4511,25.4
-30.9925,152.577,119.8
-30.9923,152.4761,24.8
-30.9913,152.4615,128.9
-30.9911,151.9554,10.7
-30.9909,152.5875,72.6
-30.9907,152.444,32.6
-30.9897,152.4721,52.4
-30.9881,152.4826,29.1
-30.9873,152.4644,21.0
-30.9872,151.1565,36.0
-30.9866,152.4931,49.6
-30.986,151.1486,10.7
-30.9852,152.4705,50.7
-30.9851,151.9328,32.4
-30.985,152.5038,59.4
-30.9847,152.4501,5.6
-30.9843,152.4471,28.3
-30.9836,151.9432,107.3
-30.9835,152.5143,21.3
-30.9832,151.1763,357.1
-30.9819,151.1695,235.1
-30.9817,151.2067,12.6
-30.9799,152.4961,36.7
-30.9794,151.9153,123.5
-30.9792,151.9219,21.6
-30.9788,151.19799999999998,123.7
-30.9785,152.4743,27.1
-30.9783,151.1891,189.4
-30.9779,151.9257,480.3
-30.9777,151.1907,209.5
-30.9767,152.4668,16.1
-30.9764,151.9362,166.6
-30.9762,151.9058,424.2
-30.976,152.5019,73.3
-30.9754,151.151,118.3
-30.9753,152.3178,20.1
-30.9751,151.173,157.3
-30.9751,151.2155,29.2
-30.9749,151.9466,22.3
-30.9745,152.5125,47.8
-30.9741,151.1433,59.9
-30.9741,152.3314,8.1
-30.9738,152.3281,22.9
-30.9737,151.2115,31.8
-30.9732,151.8901,110.1
-30.973000000000003,152.4999,45.8
-30.9723,152.3385,12.0
-30.9719,151.1982,68.4
-30.9719,151.9031,223.3
-30.9717,151.1557,51.0
-30.9712,151.1719,202.8
-30.9704,151.21,65.5
-30.9704,151.9135,823.4
-30.9699,151.1647,139.4
-30.9689,151.924,341.2
-30.9687,151.1814,44.1
-30.9676,151.126,12.8
-30.9674,151.9344,81.7
-30.9671,151.1931,48.3
-30.967,152.5001,13.5
-30.9668,151.1934,143.8
-30.9665,152.4926,32.7
-30.9658,151.1857,118.0
-30.9655,151.1646,40.4
-30.9651,151.9075,323.5
-30.9638,151.2189,17.4
-30.9634,151.1465,48.5
-30.9633,152.3369,9.3
-30.9632,152.3327,12.7
-30.9629,151.9014,68.0
-30.9626,151.2143,32.5
-30.9623,151.8928,140.5
-30.9621,151.1387,39.2
-30.9619,151.1206,22.0
-30.9616,151.2072,76.3
-30.9614,151.9118,281.2
-30.9606,151.2018,154.0
-30.9604,151.1314,366.4
-30.96,152.6725,32.1
-30.9599,151.9222,36.8
-30.9592,151.1675,49.0
-30.9591,151.2137,38.7
-30.959,151.1419,126.7
-30.9578,151.1606,46.5
-30.9575,151.1856,74.7
-30.9574,151.0977,11.2
-30.9558,151.197,118.9
-30.955,151.1879,80.6
-30.9544,151.1082,235.6
-30.954,151.8996,369.7
-30.954,151.9091,276.9
-30.9538,151.1807,63.6
-30.9535,151.1174,31.5
-30.9529,151.1188,271.1
-30.9527,152.3456,18.4
-30.9525,151.1804,31.6
-30.9525,151.91,255.8
-30.9525,152.6601,21.1
-30.9514,151.1295,234.4
-30.9514,151.8954,177.7
-30.951,151.9205,26.6
-30.9509,152.6706,76.5
-30.9506,151.2096,37.1
-30.95,151.1402,159.4
-30.9498,151.1359,75.6
-30.9496,151.2023,39.8
-30.949,151.1626,19.2
-30.9474,152.4277,18.2
-30.9468,151.096,9.6
-30.9459,151.9269,24.0
-30.9458,151.1562,448.9
-30.9453,151.0937,29.3
-30.9453,151.1066,226.4
-30.945,151.8978,317.9
-30.9439,151.1171,183.7
-30.9437,152.3439,59.2
-30.9435,151.9083,128.7
-30.943,151.9115,34.2
-30.9427,151.1711,84.0
-30.9424,151.1277,25.3
-30.9422,152.3543,77.1
-30.9415,151.1777,126.0
-30.9413,151.1138,43.8
-30.9406,152.3648,24.6
-30.9404,151.8976,28.1
-30.9394,151.154,126.0
-30.9387,152.6899,27.9
-30.9373,151.1339,218.7
-30.9373,151.1989,41.7
-30.9372,152.7005,81.4
-30.936,151.8961,234.1
-30.9356,152.711,191.7
-30.9347,152.3421,386.4
-30.9345,151.9065,123.2
-30.934,152.7216,61.3
-30.9334,151.1533,1395.4
-30.9331,152.3526,483.7
-30.933000000000003,151.9169,17.7
-30.9324,152.7323,45.3
-30.9316,152.363,43.6
-30.9313,151.174,221.3
-30.9313,152.6775,35.1
-30.9303,152.7256,31.6
-30.9297,152.688,279.3
-30.9293,151.1743,247.0
-30.9288,152.7046,61.8
-30.9281,152.6986,293.8
-30.9278,151.1561,224.7
-30.9273,152.3297,27.4
-30.927,151.8943,141.3
-30.9265,152.7091,281.3
-30.9257,152.3402,173.7
-30.9255,151.9048,431.4
-30.9251,152.6971,33.0
-30.925,152.7197,76.5
-30.9249,151.1961,41.1
-30.9241,152.3508,481.0
-30.924,151.9152,73.0
-30.9234,152.7304,59.9
-30.9226,152.3611,122.0
-30.9224,152.6823,11.4
-30.9222,152.6757,35.8
-30.9207,152.6862,80.7
-30.9204,152.3415,19.4
-30.9187,151.9065,30.0
-30.918000000000003,151.8926,556.5
-30.918000000000003,151.9005,47.9
-30.9172,152.3438,12.6
-30.9165,151.903,1371.4
-30.9161,151.8922,48.4
-30.915,151.9134,272.6
-30.9147,152.171,8.7
-30.9143,152.7285,123.0
-30.9135,151.9238,197.3
-30.9127,152.7391,58.7
-30.9126,151.1931,28.9
-30.912,151.9343,87.0
-30.9105,151.9447,52.5
-30.9091,151.8908,13.0
-30.909000000000002,151.9551,43.5
-30.9081,151.9108,30.0
-30.9076,151.9012,207.4
-30.9074,151.9049,37.2
-30.9061,151.9116,113.5
-30.9055,151.8969,38.7
-30.9053,152.7266,51.8
-30.9049,151.8889,34.9
-30.9045,151.9221,327.6
-30.903000000000002,151.9325,384.5
-30.903000000000002,151.9449,18.8
-30.9028,152.1255,7.3
-30.9015,151.8938,31.2
-30.9015,151.9429,626.1
-30.901,152.6931,231.2
-30.9001,151.9297,64.1
-30.9,151.9533,362.7
-30.8997,151.9145,29.3
-30.8994,152.7036,191.8
-30.8991,152.7331,24.6
-30.8985,151.9637,126.8
-30.8973,151.9144,82.2
-30.8963,151.9184,25.2
-30.8956,151.9203,35.2
-30.8953,151.9648,28.3
-30.8951,152.6701,28.5
-30.895,151.9373,74.0
-30.8946,151.9,75.4
-30.8941,151.9307,153.4
-30.8935,152.2524,15.8
-30.8935,152.6806,113.9
-30.8926,151.9411,303.8
-30.8924,151.9492,149.1
-30.892,152.6912,782.5
-30.8913,151.9419,73.1
-30.8911,151.9515,59.4
-30.8904,152.2733,41.1
-30.8904,152.7018,670.2
-30.8895,151.9338,382.1
-30.8877,152.6576,24.2
-30.8869,151.9808,54.7
-30.8867,151.9189,99.8
-30.8861,152.6682,119.6
-30.8861,152.7217,46.9
-30.885,151.9933,94.7
-30.8845,152.2506,28.9
-30.8845,152.6787,255.2
-30.8844,151.9892,52.1
-30.8842,151.9665,497.3
-30.8835,152.0038,46.2
-30.8835,152.7074,47.4
-30.8834,152.6242,17.8
-30.883000000000003,152.261,25.3
-30.883000000000003,152.6853,233.1
-30.8829,152.6893,147.4
-30.8818,152.6346,52.4
-30.8813,152.6998,17.7
-30.8811,151.9499,492.1
-30.8804,152.63,33.7
-30.8803,152.6452,79.1
-30.8802,151.9946,46.4
-30.8801,152.7157,63.9
-30.8799,152.2819,32.4
-30.8787,151.9981,48.2
-30.8784,152.2924,30.2
-30.8783,151.9351,38.7
-30.8776,152.7013,37.9
-30.8776,152.7106,280.9
-30.8768,151.985,94.6
-30.8758,151.9825,210.3
-30.8758,152.7245,23.6
-30.8753,151.9954,21.7
-30.8752,152.6277,23.9
-30.8748,152.2999,51.3
-30.8748,152.6224,16.6
-30.8736,152.6383,12.3
-30.8732,152.7107,29.6
-30.8729,151.9669,350.2
-30.8709,152.2801,82.9
-30.87,151.9517,26.9
-30.8696,152.6472,49.3
-30.8696,152.6806,60.5
-30.8694,151.9728,8.9
-30.8694,152.2906,84.9
-30.8679,152.3011,12.3
-30.8678,151.9832,205.7
-30.8677,152.6154,99.8
-30.8663,151.9936,95.1
-30.8662,152.6259,82.4
-30.8655,151.988,62.1
-30.865,152.2574,52.2
-30.8635,152.2679,53.2
-30.8624,151.9715,29.9
-30.8619,152.2783,82.8
-30.8618,152.0249,24.9
-30.8603,152.0354,15.2
-30.8594,151.9776,59.3
-30.8587,152.6134,53.3
-30.8575,152.2452,66.5
-30.8573,151.9918,53.5
-30.8571,152.6241,30.8
-30.855999999999998,152.2557,268.5
-30.8558,152.0022,62.9
-30.8547,151.9913,56.7
-30.8545,152.2661,355.5
-30.8543,152.0126,36.0
-30.8529,152.2765,49.5
-30.8528,152.0231,23.2
-30.8517,151.9757,15.9
-30.8497,152.6116,56.0
-30.8481,152.6222,18.3
-30.8469,152.0005,50.6
-30.8454,152.0109,179.8
-30.8454,152.5782,40.2
-30.8438,152.0214,182.6
-30.8422,152.5992,36.8
-30.8406,152.6097,24.5
-30.8382,152.0246,18.8
-30.8348,152.5868,71.8
-30.8345,152.6095,25.2
-30.8332,152.5973,78.9
-30.8327,152.4131,63.0
-30.8321,152.4188,32.0
-30.8312,152.4236,62.8
-30.8296,152.434,24.2
-30.8281,152.4446,26.4
-30.8264,152.5798,34.5
-30.8254,152.4127,49.2
-30.8216,152.4326,22.6
-30.819000000000003,152.4429,24.6
-30.8187,152.4173,17.0
-30.8184,152.4168,28.7
-30.8169,152.4248,24.9
-30.8068,152.4013,36.9
-30.8053,152.4117,54.2
-30.8037,152.4222,33.7
-30.8022,152.4327,37.3
-30.8006,152.4433,21.6
-30.7978,152.3994,20.2
-30.7972,152.775,26.2
-30.7955,152.7857,69.6
-30.7939,152.7964,13.8
-30.7931,152.4308,62.3
-30.7916,152.4414,76.9
-30.7888,152.3976,12.2
-30.7881,152.7733,17.3
-30.7872,152.408,42.3
-30.7865,152.7838,39.6
-30.785999999999998,152.3539,14.6
-30.7849,152.7944,59.9
-30.7833,152.8051,180.6
-30.7822,152.7882,38.9
-30.7816,152.8158,94.2
-30.781,152.4501,23.7
-30.78,152.8265,122.5
-30.779,152.7715,48.4
-30.7785,152.3416,27.1
-30.7784,152.8371,140.3
-30.7774,152.782,50.3
-30.776999999999997,152.3521,38.3
-30.7768,152.8476,39.0
-30.7752,152.8583,10.6
-30.772,152.4482,107.6
-30.771,152.3294,8.9
-30.771,152.8246,11.0
-30.77,152.7697,84.9
-30.7693,152.8352,39.0
-30.7684,152.7802,66.6
-30.7653,152.7782,48.0
-30.7646,152.4358,20.1
-30.763,152.4463,29.5
-30.7625,152.7614,12.2
-30.7571,152.4236,11.7
-30.7511,152.3627,51.1
-30.7496,152.1044,18.1
-30.7489,152.4401,33.4
-30.7481,152.1147,32.2
-30.7465,152.6816,57.2
-30.7456,152.3133,8.6
-30.7449,152.6923,34.1
-30.7443,152.3542,37.1
-30.744,152.3239,26.2
-30.743000000000002,152.4451,41.2
-30.7429,152.3346,47.0
-30.7407,152.1024,14.4
-30.7401,152.4296,32.2
-30.7399,152.6862,33.7
-30.7391,152.1129,15.7
-30.7391,152.4506,35.4
-30.739,152.6693,15.8
-30.738000000000003,152.3578,46.1
-30.7374,152.6798,34.3
-30.7371,152.3169,23.3
-30.7369,152.3523,20.0
-30.7365,152.436,93.2
-30.7359,152.6903,8.1
-30.7355,152.3274,32.2
-30.7352,152.4378,70.6
-30.7347,152.0798,19.8
-30.734,152.3379,592.6
-30.7332,152.0902,47.9
-30.7328,152.3824,35.4
-30.7325,152.3482,321.0
-30.7323,152.447,37.5
-30.732,152.0842,11.1
-30.7319,152.3854,36.7
-30.7317,152.1006,27.5
-30.7302,152.111,35.7
-30.73,152.6675,39.4
-30.7296,152.3047,20.4
-30.7295,152.43200000000002,49.4
-30.7293,152.3714,20.6
-30.7288,152.4297,75.0
-30.7286,152.1215,21.0
-30.7284,152.6779,19.4
-30.7283,152.3906,39.6
-30.7281,152.3151,102.7
-30.7265,152.3256,198.3
-30.7264,152.3727,50.5
-30.7264,152.6818,29.7
-30.7259,152.3773,31.0
-30.7259,152.4386,40.1
-30.725,152.3361,1207.1
-30.7247,152.35399999999998,41.9
-30.7243,152.1039,15.8
-30.7237,152.4543,25.3
-30.7234,152.3465,704.6
-30.7232,152.4238,19.5
-30.7219,152.4336,37.0
-30.7218,152.3017,35.0
-30.7212,152.1092,18.1
-30.7209,152.6655,37.6
-30.7196,152.1197,106.5
-30.7194,152.67600000000002,15.6
-30.7182,152.6526,33.3
-30.7174,152.3303,21.3
-30.7165,152.3265,61.0
-30.7161,152.1204,26.8
-30.715999999999998,152.3343,19.6
-30.7146,152.3152,39.5
-30.7144,152.3447,14.8
-30.7119,152.6636,35.9
-30.7102,152.8602,27.1
-30.7099,152.3275,31.9
-30.7097,152.3171,64.9
-30.7091,152.1284,12.2
-30.7076,152.1388,37.4
-30.706999999999997,152.3122,47.3
-30.7068,152.3335,26.8
-30.7047,152.6481,21.7
-30.7045,152.3423,39.9
-30.7043,152.2979,31.2
-30.7042,152.3806,26.9
-30.7041,152.3186,50.7
-30.7029,152.6618,26.1
-30.7018,152.2879,84.8
-30.7016,152.3663,62.7
-30.7014,152.3041,46.9
-30.7013,152.2452,620.8
-30.7002,152.1265,69.8
-30.6997,152.1191,57.8
-30.6997,152.2556,312.3
-30.6988,152.3509,44.2
-30.6986,152.137,27.4
-30.6985,152.2881,24.4
-30.6971,152.1474,68.7
-30.697,152.3105,126.4
-30.6961,152.3363,48.0
-30.6956,152.1579,9.3
-30.6947,152.1271,68.8
-30.6945,152.1227,65.1
-30.694000000000003,152.1684,11.5
-30.6938,152.6599,28.7
-30.6936,152.3227,49.7
-30.6923,152.2434,327.9
-30.6921,152.1736,45.4
-30.6917,152.1111,10.5
-30.6914,152.3372,52.0
-30.6912,152.6438,35.7
-30.6908,152.3075,24.8
-30.6907,152.2538,136.2
-30.69,152.1798,27.2
-30.6894,152.1588,50.8
-30.6883,152.285,38.4
-30.6873,152.653,24.6
-30.6871,152.1644,78.4
-30.6854,152.339,8.1
-30.685,152.1666,19.0
-30.685,152.2758,22.3
-30.6845,152.15,21.0
-30.6835,152.1769,19.5
-30.6835,152.308,238.0
-30.6829,152.3249,34.5
-30.6823,152.2608,25.4
-30.6805,152.2552,95.0
-30.6799,152.3087,38.9
-30.6783,152.3325,69.5
-30.6782,152.6511,10.8
-30.677,152.2928,83.8
-30.6765,152.1678,11.2
-30.6754,152.2797,56.4
-30.6745,152.1752,55.1
-30.6744,152.2787,75.3
-30.673000000000002,152.1856,27.5
-30.6728,152.2501,24.1
-30.6717,152.2645,140.8
-30.6713,152.8083,6.8
-30.6681,152.8295,13.3
-30.6665,152.8401,14.8
-30.6638,152.2482,106.7
-30.6627,152.2731,23.1
-30.6623,152.2585,90.8
-30.6617,152.6367,23.6
-30.6612,152.2684,19.3
-30.6593,152.6263,18.4
-30.6588,152.2193,27.9
-30.6584,152.2532,12.1
-30.6572,152.2297,50.3
-30.656,152.2642,61.4
-30.6557,152.24,27.4
-30.6542,152.2503,31.3
-30.6529,152.2841,57.6
-30.6528,152.1963,58.0
-30.6527,152.6348,15.7
-30.6513,152.2069,43.3
-30.6509,152.6299,21.8
-30.6506,152.7109,18.0
-30.6504,152.2707,113.8
-30.6498,152.2175,195.2
-30.6497,152.2681,44.8
-30.6478,152.2564,25.1
-30.6475,152.7318,7.1
-30.6474,152.2382,44.7
-30.6458,152.7426,6.5
-30.6446,152.2392,18.8
-30.643,152.2595,23.0
-30.6423,152.7073,21.4
-30.6415,152.7091,17.9
-30.6414,152.2221,26.7
-30.64,152.7196,29.5
-30.6389,152.2086,30.1
-30.6384,152.7301,41.9
-30.6368,152.7334,40.8
-30.6343,152.74200000000002,24.0
-30.6332,152.7114,22.8
-30.6316,152.7277,22.0
-30.2239,150.0932,11.9
-30.1972,150.1977,11.3
-30.1955,152.7148,24.7
-30.1917,152.7086,59.6
-30.1873,152.7181,31.3
-30.1871,152.6856,59.7
-30.186,152.6712,11.5
-30.1845,152.7029,44.3
-30.1835,152.6785,49.5
-30.1818,152.6877,17.5
-30.1816,152.711,45.0
-30.1785,152.6586,127.0
-30.1779,152.7049,45.5
-30.1769,152.6692,876.0
-30.1753,152.6799,235.1
-30.1743,152.625,17.4
-30.174,152.7056,28.6
-30.1734,152.6813,55.0
-30.1727,152.6355,191.4
-30.1712,152.6903,48.4
-30.1711,152.64600000000002,279.4
-30.1698,152.6738,42.5
-30.1695,152.6567,289.9
-30.1686,152.67600000000002,23.2
-30.1679,152.6674,213.5
-30.1662,152.678,42.8
-30.166,152.6619,25.7
-30.1659,152.6009,13.8
-30.1652,152.6231,27.3
-30.1636,152.6337,64.3
-30.1632,152.5859,17.2
-30.1622,152.6409,24.0
-30.162,152.6442,84.5
-30.1604,152.6549,197.5
-30.1588,152.6655,225.3
-30.158,152.6787,28.4
-30.1561,152.6696,33.7
-30.153000000000002,152.6425,7.6
-30.1501,152.6979,92.4
-30.1498,152.6636,33.9
-30.1477,152.7423,77.5
-30.1451,152.72799999999998,682.9
-30.1446,152.7236,155.2
-30.1426,152.7352,514.0
-30.1423,152.7129,101.2
-30.14,152.7206,352.9
-30.1395,152.6979,45.3
-30.1372,152.7051,72.0
-30.1364,152.6936,86.9
-30.1347,152.6908,28.9
-30.1345,152.7303,20.9
-30.1321,152.9914,24.0
-30.1317,152.7151,36.2
-30.1312,152.9754,38.5
-30.1311,152.6761,13.9
-30.1306,152.7205,46.4
-30.1295,152.6867,17.1
-30.1294,152.7229,20.6
-30.1289,152.7003,35.7
-30.1279,152.6974,17.2
-30.1278,152.7466,55.5
-30.1267,152.7076,36.9
-30.1266,152.7685,62.4
-30.1266,152.8078,32.3
-30.1266,152.8293,13.5
-30.1264,152.6865,11.9
-30.1264,152.8776,36.1
-30.1263,152.9642,62.9
-30.1261,152.7572,13.6
-30.1246,152.7486,47.3
-30.1243,152.9579,52.3
-30.1241,152.6935,16.6
-30.124000000000002,152.7539,35.4
-30.124000000000002,152.8751,13.3
-30.1223,152.9655,39.6
-30.1215,152.7396,96.7
-30.1213,152.789,17.2
-30.1209,152.8344,42.8
-30.1208,152.9778,29.9
-30.1207,152.9761,29.6
-30.1199,152.7504,224.1
-30.1199,152.9933,27.5
-30.1196,152.7996,18.4
-30.1188,152.6954,10.1
-30.1188,152.8465,16.6
-30.1187,152.5105,12.6
-30.1186,152.7764,29.7
-30.1182,152.9636,23.2
-30.1181,152.987,38.9
-30.118000000000002,152.8102,44.9
-30.1173,152.8758,61.4
-30.1167,152.7715,14.7
-30.1164,152.8207,13.4
-30.1162,152.832,44.3
-30.1161,152.7709,15.4
-30.1157,152.8866,37.2
-30.1157,152.9496,40.4
-30.1135,152.8174,53.0
-30.1133,152.9362,35.3
-30.1132,152.9636,57.8
-30.1128,152.8034,24.4
-30.1122,152.9603,70.8
-30.1121,152.5059,24.8
-30.1115,152.9743,32.5
-30.1112,152.4985,48.6
-30.1108,152.74200000000002,14.0
-30.1104,152.9801,26.9
-30.1102,152.9538,66.8
-30.1098,152.6935,34.3
-30.1096,152.5088,137.4
-30.1091,152.9293,25.4
-30.1082,152.7041,51.1
-30.1074,152.9402,98.2
-30.1057,152.951,76.9
-30.1056,152.7129,52.1
-30.1052,152.9518,22.5
-30.1041,152.9616,28.4
-30.104,152.5069,24.8
-30.104,152.9827,35.8
-30.103,152.6986,21.2
-30.1028,152.5141,20.9
-30.1027,152.938,19.7
-30.1024,152.9724,86.4
-30.1021,152.4967,92.0
-30.1006,152.5071,77.0
-30.1,152.4983,15.1
-30.0981,152.5035,26.8
-30.0932,152.5089,17.3
-30.0931,152.4949,52.2
-30.0916,152.9813,6.6
-30.0915,152.5054,88.4
-30.0902,152.4931,15.1
-30.0899,152.5158,32.6
-30.0899,152.9787,29.5
-30.0892,152.5004,26.8
-30.0875,152.9637,33.5
-30.0859,152.9745,225.4
-30.0843,152.9852,27.0
-30.0842,152.5007,46.1
-30.0841,152.9917,12.9
-30.0827,151.6263,15.2
-30.0825,152.5036,28.2
-30.0813,152.5186,13.5
-30.0812,151.6366,12.0
-30.0809,152.514,78.5
-30.0784,152.5027,17.0
-30.0784,152.9619,31.9
-30.0768,152.9726,319.8
-30.0751,152.9834,34.3
-30.073,152.5664,29.8
-30.0714,152.5769,69.3
-30.0698,152.5874,21.7
-30.0676,152.9708,10.5
-30.0663,151.6125,38.8
-30.0648,151.6228,35.2
-30.0644,151.4317,37.2
-30.0639,152.5646,7.2
-30.0629,151.442,148.1
-30.0614,151.4524,129.0
-30.061,152.9235,12.3
-30.0607,152.5857,13.6
-30.06,151.4627,94.8
-30.0592,152.9026,17.7
-30.0591,152.5963,32.2
-30.0576,152.9131,89.5
-30.0568,151.4196,5.2
-30.0567,152.8582,9.4
-30.0564,152.7372,29.6
-30.055999999999997,152.924,31.3
-30.0554,151.43,232.9
-30.055,152.8687,16.5
-30.0547,152.7481,16.2
-30.0539,151.4403,635.7
-30.0531,152.7587,9.5
-30.0531,152.9399,12.6
-30.0525,151.4507,351.0
-30.0523,151.3869,73.0
-30.0519,151.4447,32.0
-30.0511,152.7458,12.2
-30.051,151.461,63.2
-30.0508,151.3972,61.9
-30.0507,152.9265,35.6
-30.0493,151.4076,90.4
-30.0486,152.732,8.9
-30.0479,151.4179,47.8
-30.0474,151.4671,70.0
-30.0464,151.4283,148.4
-30.0463,152.9045,32.5
-30.0459,152.8668,67.2
-30.0454,151.3683,32.8
-30.045,152.8119,24.5
-30.0449,151.4386,178.0
-30.0448,152.7421,9.4
-30.0439,151.3787,109.1
-30.0439,152.8976,15.7
-30.0433,152.8226,36.0
-30.0425,151.389,37.4
-30.041,151.3994,52.5
-30.0403,152.9321,33.0
-30.0402,152.9291,46.4
-30.0395,151.4097,47.4
-30.0392,151.4412,58.6
-30.0382,152.9245,42.4
-30.0381,151.42,52.9
-30.0375,152.7995,42.2
-30.0364,151.3667,146.1
-30.0359,152.8101,45.9
-30.0349,151.377,101.6
-30.0342,152.8208,28.0
-30.0335,151.3873,43.1
-30.0324,152.8249,8.4
-30.031999999999996,151.3977,80.7
-30.0305,151.408,181.4
-30.0291,151.4183,120.9
-30.0284,152.7977,12.1
-30.0274,151.365,163.1
-30.0273,151.3676,66.0
-30.0268,152.8083,8.6
-30.0261,151.439,11.2
-30.026,151.3753,47.8
-30.0245,151.3856,29.4
-30.023000000000003,151.39600000000002,39.7
-30.0216,151.4063,13.8
-30.0206,152.3627,16.0
-30.0199,151.3529,69.3
-30.0184,151.3632,134.9
-30.017,151.3736,22.0
-30.0164,151.3584,34.9
-30.0123,152.3531,172.2
-30.0109,151.3512,41.5
-30.0104,152.3773,58.9
-30.0095,151.3615,51.6
-30.0077,152.3626,29.4
-30.006999999999998,152.3592,39.4
-30.0036,151.3552,33.7
-30.0036,152.5349,32.6
-30.0033,152.3514,360.1
-30.0019,151.3495,48.2
-30.0017,152.3619,349.6
-30.0015,152.3513,19.6
-30.0005,151.3598,38.0
-29.9995,152.3795,18.9
-29.9968,152.3649,20.2
-29.9948,152.355,48.2
-29.9933,152.3654,40.6
-29.9929,151.3478,51.8
-29.9915,151.3581,34.0
-29.9909,151.3519,28.3
-29.9889,152.3324,33.9
-29.9854,152.868,36.0
-29.984,151.3461,54.3
-29.9826,152.858,33.4
-29.9825,151.3564,27.5
-29.9824,152.8754,25.6
-29.9816,152.8033,9.5
-29.9812,152.498,11.3
-29.980999999999998,152.8686,51.4
-29.9802,152.33700000000002,9.3
-29.9799,152.8609,23.3
-29.9783,152.3427,7.4
-29.9782,151.3486,24.5
-29.9761,152.901,67.6
-29.975,151.3443,36.7
-29.9749,152.8702,15.2
-29.9745,152.9116,8.8
-29.9735,152.8562,36.7
-29.9719,152.8668,24.3
-29.9703,152.8775,50.1
-29.9693,152.8631,13.6
-29.969,152.9223,9.0
-29.967,152.8991,140.0
-29.9664,152.9081,10.5
-29.965999999999998,151.3426,30.3
-29.9653,152.9097,100.9
-29.96,152.4019,10.4
-29.9584,152.4123,7.0
-29.9579,152.8971,30.9
-29.9569,152.4229,10.9
-29.9562,152.9079,22.2
-29.9487,152.8953,11.7
-29.8979,152.8134,8.8
-29.8735,152.6662,41.4
-29.8719,152.6768,22.9
-29.8647,152.2874,24.1
-29.8637,152.3012,36.7
-29.8622,152.3116,19.3
-29.8548,152.2937,14.4
-29.8511,152.2839,11.1
-29.8482,152.7704,7.3
-29.8466,152.781,41.0
-29.8464,152.6649,34.4
-29.8459,152.7304,12.5
-29.840999999999998,152.6697,15.7
-29.84,152.8236,39.0
-29.8384,152.8343,32.1
-29.8373,152.66299999999998,21.9
-29.833000000000002,152.8154,199.6
-29.8314,152.8261,635.2
-29.8304,152.3375,12.5
-29.8297,152.8368,22.8
-29.8283,152.6611,15.4
-29.8271,152.7923,22.9
-29.8255,152.8029,127.5
-29.8251,152.826,11.4
-29.825,152.6427,12.0
-29.8239,152.8136,457.9
-29.8233,152.6445,24.5
-29.8222,152.8242,230.0
-29.8208,152.6487,31.7
-29.8201,152.6377,30.9
-29.8164,152.8011,25.4
-29.8146,152.8284,186.4
-29.8119,152.8139,149.2
-29.8021,152.5257,12.5
-29.7946,152.5133,16.3
-29.793000000000003,152.5238,63.1
-29.7914,152.5343,211.5
-29.7881,152.5064,16.2
-29.7865,152.5169,91.9
-29.7849,152.5275,469.2
-29.7837,152.4733,35.7
-29.7834,152.53799999999998,381.7
-29.7822,152.4838,9.6
-29.779,152.5046,25.5
-29.7775,152.5151,741.2
-29.7759,152.5257,1384.0
-29.7747,152.4715,105.2
-29.7743,152.5362,131.2
-29.7731,152.482,62.3
-29.7729,152.2347,23.7
-29.7723,152.5613,46.9
-29.77,152.5027,27.9
-29.7685,152.578,23.5
-29.7684,152.5132,336.2
-29.7682,152.2659,23.8
-29.768,152.5379,28.2
-29.7668,152.5238,163.6
-29.7656,152.5622,18.0
-29.7654,152.0341,10.6
-29.7643,152.5294,29.2
-29.7595,152.0115,16.9
-29.7592,152.2641,14.3
-29.758000000000003,152.0219,69.5
-29.7574,152.5181,23.4
-29.7564,152.0323,500.8
-29.7549,152.0426,155.3
-29.7548,152.0297,34.9
-29.7535,151.9967,19.0
-29.7505,152.0097,63.5
-29.7498,152.0397,15.4
-29.749000000000002,152.0201,115.0
-29.7484,152.0213,67.6
-29.7474,152.0305,97.9
-29.7469,152.0242,69.6
-29.7459,152.0409,113.5
-29.7437,152.0079,19.4
-29.7415,152.0081,76.3
-29.7401,151.9934,15.7
-29.74,152.0184,59.4
-29.7369,152.0392,22.8
-29.7347,152.0192,26.4
-29.7328,152.0153,23.6
-29.7325,152.0063,11.7
-29.7325,152.0099,23.9
-29.730999999999998,152.0167,18.3
-29.6823,152.2201,64.0
-29.6808,152.2307,64.4
-29.6661,152.1425,12.0
-29.663,152.1582,40.5
-29.6612,152.2373,43.6
-29.6597,152.2477,22.0
-29.6581,152.2583,10.5
-29.6554,152.22799999999998,20.8
-29.6506,152.246,42.1
-29.6495,152.2569,29.8
-29.649,152.2565,64.7
-29.647,152.2333,97.5
-29.6422,152.2495,46.7
-29.6416,152.2251,58.4
-29.6412,152.2607,73.5
-29.6406,152.2599,49.5
-29.64,152.5023,26.1
-29.6391,152.2706,64.0
-29.6363,152.2268,217.2
-29.6359,152.2529,119.1
-29.6357,152.4967,13.1
-29.6351,152.2326,29.3
-29.6347,152.2373,299.5
-29.6337,152.2285,70.8
-29.6316,152.2583,152.8
-29.6304,152.2041,12.1
-29.6302,152.51,17.4
-29.6301,152.2688,109.2
-29.6288,152.2145,43.1
-29.6285,152.2193,58.7
-29.6285,152.279,15.4
-29.6274,152.2577,31.0
-29.6274,152.4952,23.9
-29.6273,152.225,82.6
-29.6257,152.2354,113.8
-29.6252,152.5013,15.4
-29.6242,152.246,27.3
-29.6241,152.2352,39.2
-29.6226,152.2565,98.5
-29.6225,152.4867,15.4
-29.6224,152.2486,40.4
-29.6213,152.2201,40.5
-29.621,152.2669,43.2
-29.6171,152.5304,8.6
-29.6142,152.2522,18.1
-29.6136,152.2545,26.1
-29.5717,152.4724,15.8
-29.5702,152.3871,11.0
-29.4085,152.6283,6.3
-29.4069,152.6387,7.3
-29.4052,152.6493,112.6
-29.4024,152.6213,28.6
-29.4008,152.6317,26.4
-29.3992,152.6422,21.7
-29.3976,152.6529,48.1
-29.3933,152.6194,39.5
-29.3918,152.6297,98.2
-29.3902,152.6403,121.4
-29.3891,152.5857,43.3
-29.3885,152.651,138.7
-29.3874,152.5964,35.9
-29.3869,152.6617,18.4
-29.3858,152.607,44.4
-29.3849,152.6311,15.3
-29.3843,152.6173,374.0
-29.3827,152.6278,208.0
-29.3815,152.5735,48.7
-29.38,152.5837,49.4
-29.3796,152.66299999999998,22.5
-29.3768,152.6051,25.8
-29.3768,152.6481,24.3
-29.3764,152.586,15.9
-29.375999999999998,152.6549,28.8
-29.3752,152.6154,192.1
-29.3741,152.6339,18.0
-29.3736,152.6259,29.5
-29.3734,152.5697,10.0
-29.3732,152.577,18.8
-29.3645,152.624,48.5
-29.3625,152.6426,75.4
-29.3605,151.6605,22.7
-29.3599,152.6282,81.0
-29.359,151.6707,39.5
-29.3579,152.8009,27.8
-29.3575,151.681,115.7
-29.3575,152.7695,27.0
-29.355999999999998,151.6912,146.2
-29.3554,152.6223,27.3
-29.3552,152.7864,106.9
-29.3549,151.675,71.2
-29.353,151.6485,133.3
-29.351999999999997,151.6519,19.4
-29.3516,152.7974,30.1
-29.3515,151.6588,101.1
-29.3508,152.745,30.2
-29.3501,151.6986,42.5
-29.35,151.66899999999998,46.7
-29.3485,151.6792,26.6
-29.3474,151.6911,13.4
-29.3472,152.8033,66.8
-29.346999999999998,151.6263,7.3
-29.3465,151.6483,38.6
-29.3455,151.6365,125.3
-29.3448,152.7727,153.0
-29.3445,152.7885,245.2
-29.344,151.6468,201.7
-29.3432,152.7658,108.7
-29.343000000000004,152.6418,19.7
-29.3425,151.657,18.2
-29.3425,151.7203,21.7
-29.3424,151.5938,14.6
-29.3417,152.7733,60.5
-29.340999999999998,151.7306,10.1
-29.3409,151.60399999999998,105.3
-29.3395,151.6143,169.5
-29.3389,152.7582,25.9
-29.3389,152.8001,78.0
-29.338,151.6245,156.8
-29.3377,151.873,8.9
-29.3374,152.7933,103.5
-29.3366,152.8062,30.3
-29.3365,151.6348,69.3
-29.3362,151.8832,10.6
-29.3349,151.5818,26.4
-29.3338,152.7912,31.1
-29.3334,151.5921,168.7
-29.3321,151.7288,23.4
-29.331999999999997,151.6023,789.5
-29.3306,152.769,56.5
-29.3305,151.6125,227.4
-29.3303,152.6506,22.9
-29.3291,152.7618,56.3
-29.329,151.6228,16.9
-29.3274,151.5699,44.4
-29.3259,151.5801,61.2
-29.3255,152.746,34.7
-29.3249,152.6379,25.8
-29.3245,151.5903,152.6
-29.3231,151.7271,30.9
-29.323,151.6006,318.4
-29.3228,152.7364,103.4
-29.3227,152.7311,29.6
-29.3215,151.6108,17.1
-29.3211,152.72899999999998,111.0
-29.3199,151.5579,37.4
-29.3184,151.5681,140.8
-29.316999999999997,151.5784,23.9
-29.3151,152.7573,89.2
-29.3148,152.7488,49.1
-29.3141,152.6467,25.2
-29.3121,152.734,52.8
-29.311999999999998,152.3578,17.0
-29.3118,152.7549,45.9
-29.3115,152.6706,55.5
-29.311,151.5562,117.3
-29.3095,151.5664,26.3
-29.3092,152.7186,34.8
-29.3091,152.7402,62.3
-29.3091,152.7853,36.1
-29.307,152.7248,117.7
-29.3069,152.7662,29.7
-29.3065,152.7875,24.5
-29.3064,152.7249,28.4
-29.3049,151.5339,16.6
-29.3042,152.7514,48.1
-29.3038,152.7725,44.5
-29.3035,151.5442,118.3
-29.302,151.5544,59.8
-29.3014,152.7365,43.6
-29.3011,152.7577,67.9
-29.301,152.7527,183.4
-29.3005,152.6812,21.0
-29.2985,152.7211,13.2
-29.2984,152.7429,66.0
-29.298000000000002,152.6582,19.1
-29.2974,151.52200000000002,20.1
-29.2961,151.8487,39.0
-29.2959,151.5322,174.0
-29.2958,152.7903,10.9
-29.2957,152.7275,25.0
-29.295,152.781,26.8
-29.2946,151.8589,24.5
-29.2945,151.5425,57.2
-29.2935,151.8374,29.4
-29.2931,152.7751,34.0
-29.293000000000003,152.6687,127.4
-29.2928,152.7211,58.6
-29.2923,152.3648,14.5
-29.2914,152.6793,823.9
-29.2904,152.7601,92.3
-29.2898,152.6899,17.3
-29.2877,152.7454,81.0
-29.2849,151.8551,21.9
-29.2849,152.73,34.1
-29.2847,152.667,9.0
-29.2839,152.6669,32.2
-29.2823,152.6774,116.1
-29.2822,152.7151,16.5
-29.2817,152.3736,30.5
-29.2794,152.6998,14.1
-29.2767,152.6848,38.6
-29.274,152.6698,17.7
-29.2722,152.6208,34.1
-29.2706,152.6313,36.2
-29.2683,152.3778,15.4
-29.2679,152.5875,19.5
-29.2593,152.5208,18.0
-29.2494,152.3994,10.9
-29.2484,151.4114,17.3
-29.2395,151.4097,30.7
-29.2361,151.4128,13.8
-29.2305,151.408,50.4
-29.229,151.4183,13.1
-29.2264,151.8181,27.6
-29.2234,151.4081,20.9
-29.22,151.4165,46.0
-29.2197,151.8132,23.1
-29.2174,151.8164,42.0
-29.2164,152.5407,14.6
-29.2152,152.5167,21.3
-29.2127,151.4095,35.0
-29.2113,151.4197,23.1
-29.2079,152.5966,44.5
-29.2055,151.7718,10.0
-29.2045,152.5254,93.4
-29.204,152.5906,27.7
-29.2029,152.536,91.7
-29.2024,152.6011,87.1
-29.2023,151.418,36.6
-29.2022,152.412,18.0
-29.2008,151.4283,18.2
-29.198,151.7599,17.0
-29.197,152.5133,106.5
-29.1965,151.7701,8.5
-29.1954,152.5238,831.4
-29.1949,152.5888,25.7
-29.1938,152.5343,280.6
-29.1937,152.4188,29.0
-29.1935,151.7273,25.7
-29.1933,152.5993,72.7
-29.1918,151.4266,38.2
-29.191,151.774,21.6
-29.19,151.7761,14.6
-29.1899,151.7542,30.5
-29.1868,151.7591,15.0
-29.1863,152.52200000000002,75.3
-29.186,151.7153,23.1
-29.1847,152.5325,44.6
-29.1845,151.7255,177.8
-29.1832,152.543,28.7
-29.1814,151.4351,24.5
-29.1804,151.7255,20.2
-29.1799,151.4454,68.1
-29.1784,151.4556,39.3
-29.1773,152.52,15.1
-29.177,151.7136,91.7
-29.1757,152.5306,115.6
-29.1755,151.7238,25.6
-29.1748,151.4448,30.4
-29.1747,151.7162,19.3
-29.1741,152.5411,45.3
-29.1736,152.4212,19.0
-29.1695,151.4539,92.1
-29.1682,152.5182,19.8
-29.168000000000003,151.4641,68.5
-29.1677,152.59,20.3
-29.1666,152.5287,109.9
-29.1665,151.4743,39.5
-29.165,151.4846,29.5
-29.165,152.5391,166.2
-29.1649,152.575,79.7
-29.1636,151.4948,13.1
-29.1634,152.5497,19.1
-29.1629,152.4301,123.0
-29.1621,152.5596,81.7
-29.1613,152.4406,32.5
-29.159000000000002,152.701,34.3
-29.1575,152.5266,41.4
-29.1574,152.7114,44.3
-29.1538,152.4323,56.2
-29.1525,151.4862,17.6
-29.1523,152.4429,25.4
-29.1516,151.5136,11.2
-29.1509,152.4366,16.2
-29.1501,151.5239,13.0
-29.1501,152.4302,12.3
-29.15,152.5145,25.1
-29.1487,151.5341,19.3
-29.1484,152.525,35.9
-29.1483,152.7095,11.4
-29.1472,151.5443,28.4
-29.1457,151.5546,10.9
-29.1444,152.7091,12.7
-29.1432,152.4411,65.1
-29.1428,151.6382,10.9
-29.1427,151.575,17.2
-29.1427,152.4539,8.4
-29.1413,151.5853,15.6
-29.1413,151.6484,49.0
-29.14,152.439,14.6
-29.1398,151.5956,38.4
-29.1398,151.6587,78.0
-29.1383,151.6058,55.6
-29.1381,153.3052,30.3
-29.136999999999997,153.298,33.1
-29.1368,151.616,147.7
-29.1363,151.6315,16.2
-29.1353,151.6263,205.4
-29.1351,153.3027,27.7
-29.1342,153.3131,20.6
-29.1338,151.6365,25.0
-29.1323,151.6467,72.3
-29.131999999999998,152.5153,12.1
-29.1317,153.299,17.0
-29.1315,151.6544,18.9
-29.1309,151.657,9.9
-29.129,151.6456,17.7
-29.1277,153.3076,9.0
-29.1256,151.628,11.2
-29.1243,153.257,8.6
-29.1235,152.4479,34.7
-29.1219,152.4584,26.4
-29.1218,153.2429,21.2
-29.1211,153.2274,74.0
-29.1196,153.2323,108.4
-29.1175,153.252,40.6
-29.1159,152.54,38.7
-29.1157,152.5544,18.6
-29.1149,153.2376,24.7
-29.1145,153.2576,67.8
-29.114,153.2597,27.6
-29.1135,152.5334,29.4
-29.1129,152.5392,8.5
-29.1128,153.2625,46.4
-29.1115,153.2458,53.3
-29.1101,152.4627,12.2
-29.1064,153.2233,41.7
-29.1048,152.5569,40.3
-29.1048,153.2344,183.4
-29.1035,153.2621,21.0
-29.1031,153.2452,30.0
-29.101999999999997,152.5416,38.4
-29.101,153.2481,23.5
-29.0999,153.2533,48.3
-29.0972,153.2216,92.2
-29.0955,153.2325,566.8
-29.0938,153.2434,124.3
-29.0906,153.2502,13.8
-29.0896,153.2087,334.3
-29.0879,153.2197,1005.4
-29.0862,153.2306,152.0
-29.0804,153.2068,164.4
-29.0787,153.2177,418.5
-29.0769,153.2287,192.0
-29.0752,153.2397,21.7
-29.0729,153.194,10.2
-29.0711,153.2048,17.9
-29.0677,153.2267,16.0
-28.9699,153.4395,17.4
-28.6683,152.2314,29.2
-28.6668,152.2418,39.0
-28.6609,152.2188,22.8
-28.6593,152.2294,271.7
-28.6577,152.24,302.9
-28.6523,152.2479,18.0
-28.6519,152.2169,40.2
-28.6512,152.2426,18.4
-28.6502,152.2276,346.6
-28.6486,152.2382,139.7
-28.6412,152.2258,133.7
-28.6396,152.2364,47.0
-28.6381,152.2345,25.5
-28.631999999999998,152.22799999999998,13.4
-28.590999999999998,153.3804,47.3
-28.5891,153.3918,15.1
-28.5882,153.27700000000002,34.2
-28.5881,153.3982,9.9
-28.5864,153.2877,39.8
-28.586,153.3268,78.7
-28.5857,153.3852,29.4
-28.5832,153.3114,36.2
-28.5829,153.3102,27.4
-28.5829,153.3348,32.6
-28.5822,153.3923,38.3
-28.5817,153.3781,67.0
-28.5812,153.3206,50.1
-28.5803,153.32,86.9
-28.5798,153.3792,22.4
-28.5757,153.33,15.3
-28.5735,153.3082,20.0
-28.5723,153.3762,55.3
-28.5717,153.3946,13.6
-28.5693,153.3808,31.7
-28.5629,153.3745,22.2
-28.533,153.3508,56.4
-28.533,153.3606,7.7
-28.5307,153.3049,25.5
-28.5305,153.3464,8.2
-28.5227,153.3637,11.1
-28.5225,153.3417,35.4
-28.5202,153.3498,27.0
-28.3933,151.8557,8.3
-28.3843,151.85399999999998,43.1
-28.3443,152.6008,18.1
-28.3426,152.6114,563.2
-28.340999999999998,152.622,345.0
-28.336,152.6684,8.6
-28.3355,152.6028,58.2
-28.3351,152.5988,80.4
-28.3335,152.6095,233.0
-28.3319,152.6201,224.2
-28.3316,152.653,92.5
-28.3314,152.6479,72.3
-28.3302,152.6307,622.5
-28.3286,152.6412,609.0
-28.3281,152.6875,23.0
-28.3258,152.6747,98.1
-28.3257,152.6801,69.7
-28.3253,152.6722,99.0
-28.3245,152.6058,12.9
-28.3224,152.6566,43.5
-28.3218,152.5633,17.2
-28.3185,152.5844,18.7
-28.318,152.6457,48.0
-28.3177,152.6409,46.0
-28.3126,152.5616,30.9
-28.101999999999997,152.3821,22.0
-28.0966,152.3823,45.5
-28.0949,152.3764,52.9
-28.0929,152.3805,150.8
-28.0913,152.3908,89.3
-28.0897,152.4014,24.2
-28.0876,152.3907,23.3
-28.0821,152.3893,57.0
-28.0815,152.4549,18.9
-28.0805,152.3997,105.7
-28.0804,152.3742,40.8
-28.079,152.4101,33.5
-28.0763,152.3927,33.8
-28.0746,152.4014,37.8
-28.0724,152.453,21.0
-28.0682,152.4122,11.3
-28.0326,153.2282,20.5
-27.9426,152.4038,9.0
-27.7873,152.275,24.7
-27.7782,152.273,22.9
-27.7766,152.2731,12.7
-27.7761,152.269,29.8
-27.7707,152.2611,22.5
-27.7691,152.2712,28.0
-27.3436,128.9037,28.9
-27.3246,128.8787,34.2
-26.8167,152.4122,14.7
-26.815,152.423,30.8
-26.8133,152.4337,18.4
-26.74,152.3689,13.7
-26.6498,152.4214,37.6
-26.6449,152.4532,36.5
-26.5499,152.2222,22.4
-26.5407,152.2204,17.5
-26.3,146.5661,96.4
-26.2984,146.58,93.2
-26.2983,146.5676,14.5
-26.2962,146.5803,8.8
-26.2895,146.5645,19.9
-26.2051,146.6857,37.7
-26.2048,152.3144,19.7
-26.1962,146.6983,74.4
-26.1947,146.6841,177.4
-26.1939,152.3233,12.5
-26.1934,146.6634,58.8
-26.1885,146.6919,93.9
-26.1843,146.6826,34.0
-26.1827,146.6963,27.3
-26.182,152.2778,16.1
-26.1804,152.2881,31.3
-26.1723,146.6947,75.0
-26.1711,152.2866,13.3
-26.1137,150.5738,16.2
-25.6486,146.4003,10.1
-25.6464,146.4129,37.3
-25.6443,146.4256,17.6
-25.6423,146.4078,96.4
-25.6408,146.3929,25.9
-25.6387,146.4056,135.0
-25.6386,146.3981,99.8
-25.6366,146.4183,71.0
-25.6364,146.4108,155.5
-25.6342,146.4235,17.8
-25.6288,146.4198,213.7
-25.6247,146.4128,119.3
-25.4736,150.489,8.8
-25.4693,150.5187,11.0
-25.24,147.9412,13.8
-25.142,147.9881,28.1
-25.1229,147.9852,10.5
-25.1214,147.9964,20.5
-24.5719,118.281,158.7
-24.5704,118.27600000000001,193.6
-24.5692,118.2504,106.3
-24.5679,118.2455,63.8
-24.3891,118.1108,6.5
-23.1171,150.6161,15.3
-23.1157,150.6259,29.0
-23.1084,150.6286,26.0
-23.1081,150.6145,21.9
-23.101999999999997,150.6065,48.4
-23.0999,150.6368,52.2
-23.0994,150.5991,22.0
-23.099,150.6129,35.0
-23.0976,150.6228,31.5
-23.0967,150.6329,30.0
-23.0942,150.6255,43.8
-23.0886,150.6212,9.5
-21.4556,145.8384,13.6
-20.7325,139.4772,14.7
-19.1331,144.0536,5.4
-19.1313,144.0647,9.1
-19.1295,144.0762,12.4
-19.1234,144.0518,21.7
-19.123,144.0542,198.9
-19.1212,144.0692,252.9
-19.1198,144.0745,11.8
-19.1195,144.0836,30.4
-19.1142,144.07399999999998,20.8
-19.1137,144.0502,11.0
-19.1118,144.0523,191.3
-19.11,144.0677,161.5
-19.1039,144.0488,5.8
-19.1022,144.0595,24.6
-19.1008,144.0531,11.5
-19.1004,144.0709,32.6
-19.0991,144.0642,29.7
-19.0973,144.0756,14.3
-18.8589,145.7343,45.3
-18.8562,145.7354,38.0
-18.8477,145.7219,20.9
-18.8474,145.7259,10.9
-18.8462,145.734,59.1
-18.8446,145.7461,17.2
-18.843,145.7135,46.2
-18.8393,145.7085,15.8
-18.8389,145.71,13.1
-18.8377,145.7205,45.5
-18.8365,145.7239,11.2
-18.7962,145.7269,13.4
-18.7947,145.7392,17.2
-18.5342,145.872,12.9
-18.4543,123.9263,46.6
-18.4452,123.9287,83.6
-18.4439,123.9381,79.0
-17.6466,122.5336,26.0
-17.6374,122.5323,16.7
-17.5249,122.4229,39.1
-17.5236,122.4328,83.1
-17.5157,122.4216,83.2
-17.5143,122.4314,130.3
-17.2977,124.2922,11.1
-17.2963,124.3016,12.3
-16.7153,144.9727,18.0
-16.7112,144.9778,37.2
-16.7072,144.8711,20.7
-16.7057,144.8835,23.9
-16.7022,144.8521,18.5
-16.7009,144.887,22.9
-16.7003,144.9737,12.7
-16.7001,144.8448,41.0
-16.6988,144.8688,30.1
-16.6981,144.9869,33.4
-16.6978,144.8931,16.5
-16.6967,144.8507,40.0
-16.6955,144.8747,22.6
-16.6933,144.8565,25.4
-16.6912,144.8386,16.1
-16.6828,145.0007,35.0
-16.6816,144.9937,47.7
-16.6742,144.9869,20.0
-16.6641,144.9853,46.3
-16.6383,144.9177,19.5
-16.6312,144.9182,32.4
-16.6225,144.9042,19.4
-16.6185,144.8534,81.0
-16.6169,144.8657,25.5
-16.6148,144.9658,41.2
-16.6145,144.8544,45.2
-16.6138,144.8905,27.1
-16.6109,144.8457,31.4
-16.6098,144.8394,16.9
-16.6097,144.8853,40.9
-16.6093,144.8582,34.0
-16.6082,144.8519,45.9
-16.6077,144.9396,16.6
-16.6066,144.8921,34.8
-16.6062,144.9519,34.5
-16.6061,144.8828,28.4
-16.6051,144.8766,49.5
-16.6046,144.9642,54.9
-16.6031,144.9661,36.6
-16.6009,144.9481,54.5
-16.5997,144.9319,39.8
-16.599,144.9258,18.9
-16.5981,144.9441,54.3
-16.5975,144.869,65.5
-16.5975,144.9381,68.9
-16.596,144.9504,22.3
-16.5958,144.8814,60.8
-16.5908,144.8794,6.4
-16.5395,128.5249,93.4
-16.4481,124.6913,13.5
-16.4467,124.7009,22.0
-16.4453,124.7105,7.9
-16.4421,124.7043,110.3
-16.4404,124.6802,16.8
-16.4398,124.7103,97.0
-16.439,124.6898,30.8
-16.4376,124.6994,162.8
-16.4362,124.709,48.3
-16.4314,124.6787,9.9
-16.3939,126.7074,35.2
-16.2728,126.7646,66.7
-16.2714,126.7695,59.5
-16.271,126.7763,34.7
-16.2415,126.7644,102.8
-16.189,124.8864,20.9
-16.1876,124.896,15.5
-16.1798,124.885,23.5
-16.1748,124.9097,67.0
-16.171,124.8691,116.9
-16.1697,124.876,135.4
-16.1644,124.8626,26.2
-16.1553,124.8611,30.6
-16.1536,124.8709,76.4
-16.1523,124.8778,76.8
-16.1447,124.8693,35.5
-16.1334,125.0446,70.6
-16.132,125.0166,16.4
-16.1306,125.0264,43.5
-16.1291,125.0361,19.4
-16.1285,125.0082,58.1
-16.1276,125.046,10.1
-16.1158,124.8746,34.7
-16.0909,125.0399,22.3
-16.0894,125.0496,27.3
-16.074,125.5914,36.5
-16.0739,125.5283,18.3
-16.0724,125.6016,25.1
-16.0646,125.5266,15.9
-16.0245,124.8737,12.2
-16.0138,124.882,19.7
-16.0124,124.8917,27.2
-16.0114,124.8961,68.3
-16.0109,124.9014,28.9
-16.0104,124.9036,68.2
-16.0094,124.9112,21.4
-16.0023,124.9033,16.6
-16.0009,124.9131,31.6
-15.9994,124.9228,50.1
-15.998,124.9325,30.6
-15.97,125.67399999999999,27.6
-15.9464,125.7023,79.6
-15.9411,144.1973,28.6
-15.9401,125.6795,47.7
-15.9339,143.6223,19.7
-15.9323,125.6676,133.1
-15.9321,143.6338,21.0
-15.9308,125.6146,25.9
-15.9307,125.6777,85.3
-15.9298,143.8427,12.5
-15.9291,125.6882,56.3
-15.9284,143.6532,238.1
-15.9278,143.6598,151.1
-15.9266,143.6388,59.8
-15.9259,143.6455,259.8
-15.9244,125.6557,82.7
-15.9228,125.666,60.2
-15.9222,143.632,13.5
-15.921,143.6383,36.3
-15.9198,143.8409,5.1
-15.9197,125.6233,73.4
-15.9191,143.6529,40.9
-15.9182,125.6334,77.3
-15.9173,143.6545,121.9
-15.9167,143.6611,81.8
-15.9166,125.6438,103.8
-15.915,125.6543,168.3
-15.9148,143.6469,77.5
-15.9105,143.6418,7.9
-15.9089,125.5686,14.2
-15.9087,125.6319,53.4
-15.9081,143.6515,81.5
-15.9071,125.6423,108.5
-15.9062,143.6661,64.3
-15.9055,125.6528,41.2
-15.9049,143.8536,34.6
-15.9044,143.6807,86.3
-15.9026,143.695,48.8
-15.9024,125.5713,18.8
-15.8982,143.6925,37.8
-15.8977,125.539,28.4
-15.8956,125.5859,39.6
-15.8939,143.879,11.5
-15.8915,125.5801,126.1
-15.8912,143.8902,69.6
-15.8888,125.6218,33.4
-15.8881,143.8957,62.1
-15.887,125.6313,37.1
-15.887,143.873,37.6
-15.8852,143.8699,17.7
-15.8798,125.5947,45.1
-15.8796,125.5823,55.5
-15.877,143.7209,16.4
-15.8768,143.8917,37.6
-15.8737,143.8973,54.5
-15.8687,143.8773,30.9
-15.8678,143.7052,51.3
-15.8664,125.6085,30.9
-15.8624,143.8933,69.6
-15.86,143.8975,9.0
-15.8593,143.8988,75.7
-15.8568,143.7038,55.8
-15.8517,143.6907,15.3
-15.849,129.4882,53.0
-15.8453,143.8884,26.1
-15.8449,143.9003,26.0
-15.8425,143.6829,13.7
-15.8425,143.8846,32.1
-15.8418,143.689,17.0
-15.8408,143.6944,12.8
-15.8369,129.4857,120.1
-15.8348,143.7007,48.0
-15.8333,129.47799999999998,122.9
-15.8314,143.7081,34.7
-15.831,143.707,40.4
-15.8279,129.4653,85.7
-15.8211,129.4757,61.6
-15.8201,143.8875,53.5
-15.8199,143.7084,50.9
-15.8186,143.7209,113.3
-15.8169,143.735,41.9
-15.8127,143.884,26.3
-15.8096,143.8948,4.9
-15.8094,143.7052,105.2
-15.8077,143.7193,437.1
-15.8059,143.7335,93.1
-15.8053,128.8823,22.1
-15.797,129.539,64.4
-15.7967,143.7178,74.0
-15.7949,129.5455,55.4
-15.7949,143.732,149.5
-15.7932,143.7462,39.7
-15.7925,129.5061,104.2
-15.7923,143.7566,35.7
-15.7899,128.8954,133.6
-15.7868,128.9036,162.7
-15.7854,143.7208,9.0
-15.7845,129.4687,66.3
-15.7836,143.7325,23.1
-15.7817,143.7442,13.5
-15.7796,128.8656,234.5
-15.7732,128.8989,113.9
-15.7656,128.8609,170.9
-15.7628,128.869,144.0
-15.7607,143.7755,63.7
-15.7606,143.7821,34.2
-15.759,143.761,35.1
-15.7587,143.7676,72.2
-15.7586,128.8738,256.3
-15.7585,143.7559,41.4
-15.7568,143.7701,30.3
-15.7512,128.8655,322.9
-15.7498,128.8553,78.6
-15.7485,128.8819,238.9
-15.747,128.8717,621.2
-15.7395,128.8633,57.7
-15.7368,128.8798,36.5
-15.7363,143.9372,39.9
-15.7335,136.4259,78.3
-15.7317,136.4149,90.8
-15.7255,143.9357,13.8
-15.7039,144.1002,10.0
-15.702,144.1125,8.0
-15.7013,143.9869,7.0
-15.6972,128.2862,38.5
-15.6946,143.9822,25.7
-15.694,143.9797,10.0
-15.6921,143.9918,8.9
-15.6917,144.1106,21.6
-15.6877,144.1352,11.8
-15.6863,144.1319,29.8
-15.6858,144.1472,11.9
-15.685,143.9932,25.7
-15.684000000000001,143.9874,24.0
-15.6815,144.1088,18.2
-15.6774,144.11700000000002,21.2
-15.6773,144.1528,12.5
-15.6757,144.1304,32.0
-15.6755,144.1455,12.8
-15.6748,144.1017,34.0
-15.674000000000001,144.144,33.9
-15.6735,144.158,12.1
-15.6728,144.1141,54.1
-15.6714,143.9926,85.6
-15.6714,144.1708,7.9
-15.67,144.0909,39.5
-15.6697,144.0061,40.5
-15.667,144.1511,11.5
-15.6665,144.0876,19.3
-15.665,144.1637,15.8
-15.663,144.1765,14.3
-15.6626,144.1122,22.9
-15.6625,143.9965,16.9
-15.6617,144.1557,15.9
-15.66,144.1686,95.4
-15.6584,144.1815,132.1
-15.6582,144.0738,19.3
-15.6562,144.086,97.5
-15.6555,144.0928,50.0
-15.6548,144.0999,38.5
-15.6543,144.0981,26.8
-15.6532,125.8713,8.4
-15.652999999999999,143.716,4.4
-15.6524,143.7215,4.3
-15.6518,144.0476,25.2
-15.6507,144.1873,9.8
-15.6504,144.1229,17.8
-15.6499,144.0598,9.5
-15.6487,144.1999,6.3
-15.6478,144.18,35.1
-15.6461,144.1931,33.0
-15.6454,144.1128,22.0
-15.6421,144.1393,13.5
-15.6417,144.1065,38.8
-15.6417,144.2014,20.2
-15.6416,144.0459,15.1
-15.6398,144.0915,37.2
-15.6382,144.0843,34.2
-15.6361,144.0611,63.6
-15.6342,144.0287,29.7
-15.6342,144.0461,49.0
-15.6339,144.2047,22.9
-15.6324,144.0313,21.9
-15.6314,143.7559,20.8
-15.6292,144.0694,29.9
-15.6286,144.001,25.6
-15.6275,144.0831,28.5
-15.6268,144.0003,21.6
-15.6266,144.0777,51.5
-15.6255,144.0806,15.5
-15.6236,144.0929,29.6
-15.6222,143.7404,25.5
-15.6215,144.2105,26.1
-15.6213,143.7616,40.7
-15.6213,144.0066,18.2
-15.6204,143.7545,40.9
-15.6187,143.7686,28.3
-15.6174,144.0025,16.1
-15.617,144.085,15.3
-15.6168,144.0818,30.6
-15.6153,144.0788,6.2
-15.6151,144.0952,26.0
-15.6144,125.59,34.5
-15.6135,144.1083,88.7
-15.6133,144.091,23.3
-15.6118,144.0979,16.9
-15.6113,144.1035,18.7
-15.6111,144.1052,20.3
-15.6108,144.0879,17.0
-15.6096,125.5574,77.2
-15.6096,125.6215,19.5
-15.6096,144.1172,26.1
-15.6093,144.1159,9.4
-15.6091,144.1011,87.9
-15.6076,144.1019,12.9
-15.6076,144.1112,27.8
-15.6074,144.1143,46.8
-15.606,143.7809,50.6
-15.605,143.7614,12.3
-15.6045,144.0935,25.4
-15.6029,144.1068,49.7
-15.6018,125.5458,37.8
-15.5954,143.8243,16.1
-15.5953,125.5402,31.7
-15.5939,125.5341,23.5
-15.5936,143.8098,56.9
-15.5918,143.7952,15.9
-15.5916,143.8074,24.9
-15.5907,125.6183,61.5
-15.5899,143.8214,14.6
-15.5887,143.7344,4.6
-15.585999999999999,125.5856,16.7
-15.5828,125.6063,21.4
-15.5813,125.6168,31.0
-15.5766,125.5841,16.8
-15.5703,125.4987,20.4
-15.5625,125.4867,23.0
-15.5388,125.476,25.4
-15.5323,125.6194,22.2
-15.5322,143.9591,15.0
-15.5303,143.9443,30.3
-15.5298,144.222,18.6
-15.5295,125.5378,32.8
-15.5287,144.224,23.8
-15.527999999999999,125.6119,19.3
-15.5279,125.5482,19.6
-15.5271,143.9471,28.7
-15.5264,125.6224,7.8
-15.520999999999999,143.9606,44.4
-15.5209,144.2291,22.7
-15.5201,125.5362,59.9
-15.5185,125.5466,45.1
-15.5185,125.6104,8.4
-15.5164,143.9456,54.0
-15.5146,143.9592,34.6
-15.5112,143.9863,170.1
-15.5077,144.0131,17.3
-15.5058,144.0235,20.3
-15.505,144.0142,25.9
-15.504000000000001,144.0085,29.3
-15.5031,143.9993,51.3
-15.5025,143.9595,17.5
-15.5022,143.9936,33.9
-15.5006,143.9717,19.9
-15.5004,143.9847,19.6
-15.4987,143.9982,20.7
-15.497,144.0117,16.8
-15.4948,125.6387,13.6
-15.4931,143.9192,19.8
-15.4916,143.9102,19.4
-15.4892,143.9002,27.8
-15.4785,143.89700000000002,20.3
-15.4767,143.8823,18.6
-15.470999999999998,143.8698,16.2
-15.4571,125.5685,16.3
-15.4555,125.5788,15.5
-15.4539,125.5892,15.7
-15.4473,144.2336,20.9
-15.446,125.5771,33.6
-15.4413,144.2303,16.4
-15.4401,144.2061,22.1
-15.4393,144.2149,25.1
-15.437000000000001,144.2087,22.7
-15.3684,143.8439,18.8
-15.3643,143.8549,6.7
-15.3642,126.9397,79.0
-15.3615,143.8344,38.8
-15.3594,143.8288,24.2
-15.3579,143.8452,45.4
-15.3576,143.8425,29.2
-15.3561,143.8411,6.6
-15.356,143.8307,53.4
-15.3539,126.9379,57.8
-15.3503,143.8135,30.2
-15.3486,143.8273,31.2
-15.3484,143.834,16.4
-15.3477,143.7725,5.0
-15.3449,143.8321,24.8
-15.3439,143.7963,13.2
-15.3431,143.8176,30.9
-15.3402,143.8202,15.2
-15.3393,143.8106,18.1
-15.3213,145.2333,8.9
-15.2922,127.0738,211.7
-15.2033,145.1045,30.4
-15.1999,145.1114,44.7
-15.1911,145.106,59.3
-15.1855,145.0953,22.0
-15.1534,145.1372,26.2
-15.1139,125.4035,42.0
-15.0743,127.2863,26.5
-15.0687,127.4324,26.9
-15.0675,127.4276,39.0
-15.0634,127.4035,98.9
-15.0619,127.3986,108.7
-15.0579,127.3739,41.0
-15.0562,127.3691,30.8
-15.0483,127.4062,129.5
-15.0428,127.3766,200.3
-15.0125,127.3822,24.5
-15.0116,127.3589,28.3
-14.9985,127.2865,25.8
-14.9327,125.5728,18.7
-14.9295,127.2822,37.0
-14.9279,125.6044,19.1
-14.9211,127.2674,22.3
-14.9184,125.6028,33.6
-14.9167,125.6133,30.3
-14.8718,127.3612,27.4
-14.8717,127.2657,31.6
-14.8209,127.3111,26.7
-14.8066,144.9989,11.7
-14.8066,145.0045,40.1
-14.8043,145.0134,43.2
-14.8042,145.0191,27.5
-14.7997,127.3076,25.5
-14.7975,127.3207,31.9
-14.7965,127.3013,38.6
-14.7944,127.3146,93.9
-14.7833,127.0467,39.7
-14.7711,127.2561,42.2
-14.7709,127.0574,49.1
-14.7667,127.0175,73.9
-14.7634,127.2895,22.8
-14.7584,127.0224,25.7
-14.7521,127.0416,33.2
-14.7076,141.9682,25.7
-14.6974,141.9482,27.4
-14.6957,141.9764,13.5
-14.6952,141.9667,120.7
-14.6942,141.9656,20.8
-14.6932,141.9615,52.8
-14.6928,141.9547,26.9
-14.6923,141.9719,18.9
-14.6908,141.9611,26.2
-14.6893,141.9502,9.3
-14.6016,126.2559,49.1
-14.6009,126.2619,41.6
-14.5998,126.2672,21.6
-14.5337,135.3987,17.4
-14.5315,135.3855,17.3
-14.5268,135.3931,23.4
-14.1262,126.9825,23.8
-14.122,126.9762,19.1
-13.9316,136.6922,63.8
-13.9298,136.6811,26.1
-13.6762,131.3489,132.0
-13.6719,131.3759,43.6
-13.6709,131.3686,303.2
-13.6676,131.3718,12.2
-13.6661,131.3811,12.2
-13.6573,131.3786,58.7
-13.6527,131.3585,39.5
-13.534,130.2439,50.8
-13.4866,141.6175,36.4
-13.3086,141.7876,61.2
-13.3064,141.8056,71.1
-13.3026,141.7825,10.1
-13.3012,141.7723,37.4
-13.2945,141.7941,9.0
-13.2931,141.7839,48.9
-13.2917,141.7737,34.5
-13.1875,141.7304,37.2
-13.0273,143.207,114.6
-13.0255,143.2208,67.3
-13.0207,143.2059,14.5
-13.0202,143.262,33.4
-13.02,143.1768,47.1
-13.0191,143.2214,96.8
-13.0189,143.2179,9.5
-13.0185,143.2756,19.9
-13.0182,143.1911,52.5
-13.0174,143.2091,170.1
-13.0164,143.2053,64.0
-13.0157,143.1971,21.1
-13.0142,143.1812,14.4
-13.0141,143.1853,87.1
-13.0125,143.1734,41.1
-13.0125,143.1927,8.8
-13.0108,143.1613,47.1
-13.0096,143.2772,10.2
-13.0088,143.22299999999998,23.6
-13.0078,143.1562,4.9
-13.0072,143.2108,132.9
-13.0055,143.1986,170.2
-13.0055,143.2035,148.7
-12.9999,143.1598,61.1
-12.997,143.2123,50.4
-12.9953,143.2002,51.8
-12.9946,143.2018,42.1
-12.9921,143.1762,35.7
-12.9904,143.1642,59.3
-12.9889,143.1582,155.4
-12.9872,143.1723,82.1
-12.9871,136.4266,11.4
-12.9871,143.1513,61.4
-12.9852,143.1653,112.4
-12.9851,143.2017,22.3
-12.9835,143.1897,27.3
-12.9834,143.1793,45.2
-12.9797,143.1427,57.8
-12.9786,143.1536,27.1
-12.9779,143.1358,28.6
-12.9779,143.1567,386.8
-12.9762,143.1707,677.3
-12.9761,143.1498,64.6
-12.9759,143.16299999999998,9.6
-12.9756,143.1685,8.9
-12.9745,143.1847,32.1
-12.9743,143.1638,776.5
-12.9724,143.1777,167.8
-12.9716,136.1295,13.1
-12.97,136.1422,17.0
-12.97,143.1671,21.2
-12.9647,136.1357,30.0
-12.9607,136.1321,57.3
-12.9597,143.1902,22.4
-12.9568,136.1074,80.8
-12.956,143.218,11.4
-12.9528,143.1939,19.4
-12.9524,136.1462,15.8
-12.9512,143.1819,16.9
-12.9504,136.1338,41.6
-12.9484,136.1214,34.4
-12.9464,136.1091,29.0
-12.9415,143.2446,32.5
-12.940999999999999,143.2592,11.9
-12.9397,143.2585,34.0
-12.9364,143.4759,11.5
-12.9344,143.4882,27.9
-12.9304,143.1579,51.1
-12.9297,143.4684,7.4
-12.9286,143.1719,51.4
-12.9278,143.4806,21.0
-12.9266,143.0996,30.9
-12.9262,143.4742,16.6
-12.9254,143.131,22.8
-12.9254,143.1601,11.9
-12.9251,143.1999,40.7
-12.9248,143.1139,40.5
-12.9242,143.4622,17.8
-12.9238,143.1192,34.6
-12.9233,143.2139,180.4
-12.923,143.1249,45.0
-12.923,143.1283,33.7
-12.9222,143.1076,17.5
-12.9214,143.1131,55.9
-12.9181,143.2295,36.9
-12.9164,143.2175,35.7
-12.9162,143.2188,5.7
-12.9156,143.09799999999998,44.4
-12.9148,143.2055,33.7
-12.9144,143.0989,10.2
-12.9144,143.2305,5.9
-12.9142,143.1984,27.2
-12.9136,143.1206,53.2
-12.9135,143.17,4.5
-12.9124,143.2124,37.2
-12.912,143.1089,23.1
-12.9062,143.0858,10.7
-12.9046,143.2068,16.2
-12.899000000000001,142.0074,8.6
-12.8926,142.0112,8.8
-12.745999999999999,136.3869,29.2
-12.6403,142.2159,24.1
-12.6397,142.2324,14.5
-12.6383,142.2218,37.8
-12.6234,142.7848,16.9
-12.6232,142.7845,31.5
-12.6216,142.7733,12.1
-12.5277,141.8012,41.7
-12.5238,141.7956,26.8
-12.5215,141.813,21.2
-12.4994,136.6413,18.7
-12.450999999999999,136.6612,18.0
-12.4213,131.5249,53.9
-12.4165,131.5291,77.6
-12.4161,131.5548,83.5
-12.411,131.5589,93.2
-12.4084,131.5889,44.5
-12.4044,131.5686,66.2
-12.4034,131.5616,45.0
-12.4008,131.5519,40.9
-12.3957,131.556,64.7
-12.3897,131.5714,55.6
-12.3886,131.5643,40.6
-12.3855,131.549,75.8
-12.2662,132.5258,48.4
-12.2621,132.5024,73.0
-12.2506,132.4965,6.9
-12.2281,142.3958,43.7
-12.2221,142.3859,11.9
-12.2199,142.3687,23.7
-12.0557,136.4327,43.9
-12.0537,136.4205,12.8
-12.0454,136.4343,24.4
-12.0347,132.8654,6.8
-12.0194,136.5192,20.5
-11.6383,142.4852,11.5
-11.6337,142.4828,61.7
-11.6324,142.4906,17.0
-11.6187,142.5112,91.8
-11.6168,142.5261,55.0
-11.6135,142.5152,10.9
-11.607999999999999,142.5031,138.2
-11.6074,142.5097,405.9
-11.606,142.518,201.3
-11.6055,142.5246,69.3
-11.5799,142.454,17.4
-11.5703,142.5286,16.7
-11.559000000000001,142.5272,31.1
-11.5573,142.4511,22.1
-11.4544,142.3531,8.4
